shipment_id,order_id,part_id,source_location,destination_location,carrier_id,planned_dispatch_time,actual_dispatch_time,planned_delivery_time,actual_delivery_time,shipment_status,delay_minutes,SLA_breach_flag,cost,carbon_emission
SH-00001,O-00001,BG-EV-063,W-LON,D-STH,C-006,2026-06-06T16:00,2026-06-06T16:14,2026-06-08T09:00,2026-06-08T09:00,Delivered,0,False,865.46,87.6
SH-00002,O-00002,BG-VALVE-062,W-GLA,D-SCO,C-005,2026-06-06T15:00,2026-06-06T15:54,2026-06-06T21:00,2026-06-06T21:00,Created,0,False,112.62,40.6
SH-00003,O-00003,BG-SENSO-061,W-LON,D-SCO,C-001,2026-06-13T15:00,2026-06-13T15:34,2026-06-14T19:00,2026-06-14T19:00,Picked,0,False,1286.63,283.8
SH-00004,O-00004,BG-METER-055,W-COV,D-NTH,C-001,2026-06-07T18:00,2026-06-07T18:38,2026-06-08T14:00,2026-06-08T14:33,Picked,33,False,1305.25,355.3
SH-00005,O-00005,BG-METER-039,W-GLA,D-MID,C-003,2026-06-16T18:00,2026-06-16T18:47,2026-06-18T02:00,2026-06-18T03:58,Picked,118,True,678.25,132.3
SH-00006,O-00006,BG-EV-035,W-MAN,D-WAL,C-006,2026-06-17T08:00,2026-06-17T08:49,2026-06-17T12:00,2026-06-17T13:32,Delivered,92,True,1002.15,221.1
SH-00007,O-00007,BG-SENSO-038,W-LON,D-MID,C-003,2026-06-13T14:00,2026-06-13T14:21,2026-06-14T08:00,2026-06-14T09:54,Exception,114,True,75.13,13.3
SH-00008,O-00008,BG-BOILE-026,W-LON,D-LON,C-003,2026-06-19T15:00,2026-06-19T15:55,2026-06-20T06:00,2026-06-20T06:00,Picked,0,False,885.67,173.8
SH-00009,O-00009,BG-EV-003,W-COV,D-STH,C-005,2026-06-06T09:00,2026-06-06T09:40,2026-06-07T05:00,2026-06-07T05:00,Created,0,False,588.16,171.9
SH-00010,O-00010,BG-PIPEW-013,W-COV,D-LON,C-003,2026-06-15T12:00,2026-06-15T12:03,2026-06-15T22:00,2026-06-15T23:27,Dispatched,87,False,1342.87,340.9
SH-00011,O-00011,BG-PUMP-024,W-COV,D-STH,C-005,2026-06-12T17:00,2026-06-12T17:08,2026-06-14T03:00,2026-06-14T04:50,Delivered,110,True,611.45,205.9
SH-00012,O-00012,BG-BOILE-057,W-COV,D-WAL,C-005,2026-06-03T15:00,2026-06-03T15:07,2026-06-05T02:00,2026-06-05T02:43,In Transit,43,False,426.36,110.6
SH-00013,O-00013,BG-PIPEW-076,W-MAN,D-STH,C-005,2026-06-16T08:00,2026-06-16T08:53,2026-06-18T01:00,2026-06-18T01:10,Delivered,10,False,759.97,367.7
SH-00014,O-00014,BG-VALVE-033,W-COV,D-SCO,C-002,2026-06-10T11:00,2026-06-10T11:02,2026-06-11T13:00,2026-06-11T13:24,Delivered,24,False,1002.73,140.2
SH-00015,O-00015,BG-SENSO-060,W-GLA,D-MID,C-006,2026-06-02T10:00,2026-06-02T10:40,2026-06-03T09:00,2026-06-03T10:34,Delivered,94,True,665.41,120.8
SH-00016,O-00016,BG-PUMP-081,W-COV,D-LON,C-002,2026-06-04T11:00,2026-06-04T11:44,2026-06-05T18:00,2026-06-05T18:00,In Transit,0,False,768.83,96.2
SH-00017,O-00017,BG-EV-082,W-LON,D-STH,C-002,2026-06-21T13:00,2026-06-21T13:09,2026-06-22T00:00,2026-06-22T00:35,Delivered,35,False,814.49,219.8
SH-00018,O-00018,BG-BOILE-036,W-COV,D-WAL,C-003,2026-06-11T15:00,2026-06-11T15:22,2026-06-12T14:00,2026-06-12T14:25,In Transit,25,False,1526.12,265.0
SH-00019,O-00019,BG-EV-006,W-GLA,D-SCO,C-006,2026-06-17T13:00,2026-06-17T13:02,2026-06-18T13:00,2026-06-18T13:00,Delivered,0,False,143.98,33.1
SH-00020,O-00020,BG-PIPEW-083,W-COV,D-MID,C-004,2026-06-08T08:00,2026-06-08T08:37,2026-06-08T22:00,2026-06-08T23:47,Picked,107,True,288.39,109.8
SH-00021,O-00021,BG-BOILE-005,W-GLA,M90 9GD,C-005,2026-06-04T09:00,2026-06-04T09:49,2026-06-05T16:00,2026-06-05T16:45,Delayed,45,False,541.78,237.4
SH-00022,O-00022,BG-VALVE-062,W-COV,D-WAL,C-003,2026-06-19T13:00,2026-06-19T13:25,2026-06-20T01:00,2026-06-20T01:31,Delivered,31,False,1466.07,269.9
SH-00023,O-00023,BG-PIPEW-009,W-LON,D-WAL,C-001,2026-06-18T17:00,2026-06-18T17:38,2026-06-19T09:00,2026-06-19T09:00,Dispatched,0,False,1506.92,218.6
SH-00024,O-00024,BG-PUMP-071,W-MAN,DD95 4DD,C-002,2026-06-11T13:00,2026-06-11T13:36,2026-06-12T10:00,2026-06-12T12:23,Packed,143,True,902.2,161.1
SH-00025,O-00025,BG-PIPEW-013,W-LON,L27 7FF,C-003,2026-06-20T12:00,2026-06-20T12:39,2026-06-21T13:00,2026-06-21T13:44,Dispatched,44,False,89.73,19.4
SH-00026,O-00026,BG-PUMP-045,W-MAN,SE46 6JH,C-001,2026-06-04T13:00,2026-06-04T13:38,2026-06-05T05:00,2026-06-05T06:07,Delivered,67,False,917.15,211.9
SH-00027,O-00027,BG-PIPEW-007,W-GLA,L81 3CJ,C-001,2026-06-17T09:00,2026-06-17T09:24,2026-06-18T08:00,2026-06-18T09:28,Picked,88,False,224.04,37.7
SH-00028,O-00028,BG-SENSO-061,W-MAN,D-WAL,C-005,2026-06-16T15:00,2026-06-16T15:49,2026-06-17T22:00,2026-06-17T23:14,Dispatched,74,False,271.76,105.1
SH-00029,O-00029,BG-BOILE-040,W-LON,D-LON,C-004,2026-06-15T08:00,2026-06-15T08:17,2026-06-16T13:00,2026-06-16T13:59,Exception,59,False,176.86,92.3
SH-00030,O-00030,BG-METER-044,W-MAN,D-LON,C-006,2026-06-02T13:00,2026-06-02T13:34,2026-06-02T23:00,2026-06-03T04:44,Delayed,344,True,850.33,198.6
SH-00031,O-00031,BG-PUMP-071,W-MAN,D-MID,C-002,2026-06-11T14:00,2026-06-11T14:04,2026-06-11T20:00,2026-06-11T20:11,In Transit,11,False,1790.46,216.8
SH-00032,O-00032,BG-PUMP-046,W-GLA,D-WAL,C-006,2026-06-14T09:00,2026-06-14T09:11,2026-06-16T00:00,2026-06-16T00:07,Picked,7,False,877.18,221.0
SH-00033,O-00033,BG-SENSO-052,W-COV,D-SCO,C-005,2026-06-03T13:00,2026-06-03T13:44,2026-06-05T05:00,2026-06-05T05:37,Delivered,37,False,445.15,123.2
SH-00034,O-00034,BG-BOILE-026,W-COV,D-NTH,C-005,2026-06-08T11:00,2026-06-08T11:49,2026-06-09T18:00,2026-06-09T18:00,Created,0,False,209.27,76.8
SH-00035,O-00035,BG-VALVE-049,W-COV,D-LON,C-005,2026-06-02T12:00,2026-06-02T12:39,2026-06-03T09:00,2026-06-03T09:49,Delivered,49,False,188.41,84.4
SH-00036,O-00036,BG-SENSO-072,W-LON,D-WAL,C-003,2026-06-05T13:00,2026-06-05T13:42,2026-06-06T01:00,2026-06-06T02:07,Delivered,67,False,208.4,40.3
SH-00037,O-00037,BG-BOILE-084,W-LON,D-MID,C-003,2026-06-13T15:00,2026-06-13T15:26,2026-06-13T19:00,2026-06-13T19:00,Packed,0,False,971.61,249.0
SH-00038,O-00038,BG-PIPEW-075,W-MAN,D-STH,C-006,2026-06-05T14:00,2026-06-05T14:28,2026-06-05T19:00,2026-06-05T19:33,In Transit,33,False,1252.22,294.6
SH-00039,O-00039,BG-SENSO-061,W-MAN,D-LON,C-004,2026-06-15T09:00,2026-06-15T09:17,2026-06-17T00:00,2026-06-17T00:22,Delivered,22,False,609.23,132.8
SH-00040,O-00040,BG-EV-027,W-LON,YO91 5GK,C-006,2026-06-20T08:00,2026-06-20T08:46,2026-06-21T21:00,2026-06-21T21:24,Picked,24,False,195.05,25.7
SH-00041,O-00041,BG-BOILE-004,W-LON,YO43 8GA,C-002,2026-06-11T13:00,2026-06-11T13:02,2026-06-12T01:00,2026-06-12T02:23,In Transit,83,False,465.12,91.5
SH-00042,O-00042,BG-BOILE-067,W-GLA,D-LON,C-006,2026-06-07T08:00,2026-06-07T08:45,2026-06-08T21:00,2026-06-08T21:00,In Transit,0,False,889.51,129.0
SH-00043,O-00043,BG-BOILE-004,W-LON,D-STH,C-004,2026-06-04T14:00,2026-06-04T14:38,2026-06-06T07:00,2026-06-06T08:22,Packed,82,False,681.52,255.5
SH-00044,O-00044,BG-PIPEW-014,W-LON,D-SCO,C-004,2026-06-11T16:00,2026-06-11T16:34,2026-06-13T01:00,2026-06-13T03:49,Delayed,169,True,930.7,289.4
SH-00045,O-00045,BG-SENSO-079,W-GLA,D-SCO,C-005,2026-06-07T11:00,2026-06-07T11:19,2026-06-08T18:00,2026-06-08T21:45,Delayed,225,True,422.62,221.3
SH-00046,O-00046,BG-METER-054,W-LON,D-LON,C-004,2026-06-20T10:00,2026-06-20T10:27,2026-06-22T01:00,2026-06-22T01:00,In Transit,0,False,476.14,149.0
SH-00047,O-00047,BG-PUMP-074,W-GLA,D-MID,C-001,2026-06-20T08:00,2026-06-20T08:54,2026-06-21T05:00,2026-06-21T05:22,In Transit,22,False,765.16,220.3
SH-00048,O-00048,BG-VALVE-049,W-LON,D-LON,C-006,2026-06-16T12:00,2026-06-16T12:55,2026-06-17T19:00,2026-06-17T19:50,Picked,50,False,167.25,47.0
SH-00049,O-00049,BG-BOILE-005,W-MAN,D-NTH,C-001,2026-06-02T17:00,2026-06-02T17:07,2026-06-03T04:00,2026-06-03T07:28,Exception,208,True,661.43,132.0
SH-00050,O-00050,BG-BOILE-005,W-LON,D-MID,C-006,2026-06-09T10:00,2026-06-09T10:25,2026-06-11T02:00,2026-06-11T02:00,Delivered,0,False,166.69,22.6
SH-00051,O-00051,BG-PIPEW-083,W-MAN,D-MID,C-003,2026-06-18T15:00,2026-06-18T15:21,2026-06-18T21:00,2026-06-18T21:37,Dispatched,37,False,811.61,246.3
SH-00052,O-00052,BG-PIPEW-048,W-LON,D-LON,C-005,2026-06-15T11:00,2026-06-15T11:02,2026-06-15T23:00,2026-06-15T23:25,Delivered,25,False,451.43,178.7
SH-00053,O-00053,BG-EV-027,W-MAN,D-LON,C-004,2026-06-11T17:00,2026-06-11T17:47,2026-06-12T00:00,2026-06-12T00:59,Created,59,False,815.41,302.2
SH-00054,O-00054,BG-BOILE-036,W-GLA,IV21 3KJ,C-002,2026-06-15T15:00,2026-06-15T15:48,2026-06-16T16:00,2026-06-16T16:00,In Transit,0,False,1136.83,193.7
SH-00055,O-00055,BG-BOILE-059,W-COV,D-NTH,C-005,2026-06-15T15:00,2026-06-15T15:50,2026-06-16T18:00,2026-06-16T18:43,In Transit,43,False,824.57,334.0
SH-00056,O-00056,BG-PUMP-069,W-LON,D-LON,C-003,2026-06-20T13:00,2026-06-20T13:44,2026-06-20T21:00,2026-06-20T21:00,Delivered,0,False,703.06,124.8
SH-00057,O-00057,BG-PUMP-037,W-COV,D-NTH,C-004,2026-06-20T10:00,2026-06-20T10:44,2026-06-20T23:00,2026-06-21T03:03,Exception,243,True,629.86,179.5
SH-00058,O-00058,BG-EV-008,W-COV,D-MID,C-005,2026-06-19T16:00,2026-06-19T16:49,2026-06-20T13:00,2026-06-20T13:00,Packed,0,False,180.17,89.5
SH-00059,O-00059,BG-METER-001,W-LON,AB71 8AE,C-004,2026-06-14T10:00,2026-06-14T10:08,2026-06-15T02:00,2026-06-15T02:00,Delivered,0,False,802.08,314.5
SH-00060,O-00060,BG-EV-082,W-GLA,D-LON,C-001,2026-06-07T18:00,2026-06-07T18:06,2026-06-09T12:00,2026-06-09T12:00,Packed,0,False,1362.94,259.3
SH-00061,O-00061,BG-METER-044,W-MAN,M55 2BA,C-002,2026-06-01T09:00,2026-06-01T09:14,2026-06-02T08:00,2026-06-02T08:46,Picked,46,False,842.5,184.2
SH-00062,O-00062,BG-BOILE-057,W-COV,D-MID,C-006,2026-06-06T13:00,2026-06-06T13:13,2026-06-08T01:00,2026-06-08T05:47,Exception,287,True,1609.4,315.8
SH-00063,O-00063,BG-BOILE-022,W-GLA,D-SCO,C-001,2026-06-07T13:00,2026-06-07T13:14,2026-06-08T20:00,2026-06-08T21:00,In Transit,60,False,112.2,23.6
SH-00064,O-00064,BG-EV-023,W-COV,D-WAL,C-005,2026-06-06T15:00,2026-06-06T15:19,2026-06-07T19:00,2026-06-07T21:08,In Transit,128,True,414.65,182.2
SH-00065,O-00065,BG-BOILE-005,W-LON,W50 6KB,C-004,2026-06-19T16:00,2026-06-19T16:37,2026-06-19T21:00,2026-06-19T22:03,Delivered,63,False,500.72,139.7
SH-00066,O-00066,BG-SENSO-056,W-MAN,D-SCO,C-006,2026-06-11T11:00,2026-06-11T11:16,2026-06-12T23:00,2026-06-12T23:02,In Transit,2,False,1386.02,197.6
SH-00067,O-00067,BG-BOILE-021,W-LON,D-NTH,C-003,2026-06-01T12:00,2026-06-01T12:54,2026-06-01T18:00,2026-06-01T22:07,Delayed,247,True,1779.15,435.4
SH-00068,O-00068,BG-VALVE-078,W-COV,D-SCO,C-001,2026-06-08T12:00,2026-06-08T12:40,2026-06-09T15:00,2026-06-09T17:04,Delayed,124,True,1210.79,282.5
SH-00069,O-00069,BG-BOILE-084,W-GLA,D-SCO,C-002,2026-06-11T15:00,2026-06-11T15:43,2026-06-13T08:00,2026-06-13T08:00,Dispatched,0,False,1042.13,230.6
SH-00070,O-00070,BG-SENSO-080,W-MAN,D-STH,C-004,2026-06-12T17:00,2026-06-12T17:29,2026-06-13T02:00,2026-06-13T02:40,Delivered,40,False,199.0,74.3
SH-00071,O-00071,BG-BOILE-034,W-LON,D-MID,C-005,2026-06-17T13:00,2026-06-17T13:31,2026-06-18T02:00,2026-06-18T02:00,Delivered,0,False,308.9,88.9
SH-00072,O-00072,BG-VALVE-062,W-MAN,D-STH,C-004,2026-06-20T18:00,2026-06-20T18:02,2026-06-22T02:00,2026-06-22T02:40,Created,40,False,845.35,201.4
SH-00073,O-00073,BG-EV-006,W-COV,D-NTH,C-005,2026-06-15T18:00,2026-06-15T18:31,2026-06-17T07:00,2026-06-17T07:41,Picked,41,False,98.06,31.0
SH-00074,O-00074,BG-SENSO-086,W-COV,D-LON,C-004,2026-06-11T10:00,2026-06-11T10:05,2026-06-13T04:00,2026-06-13T05:50,Packed,110,True,378.29,86.6
SH-00075,O-00075,BG-EV-073,W-GLA,D-WAL,C-004,2026-06-11T08:00,2026-06-11T08:26,2026-06-12T19:00,2026-06-12T20:53,In Transit,113,True,705.82,250.1
SH-00076,O-00076,BG-SENSO-086,W-LON,D-LON,C-004,2026-06-06T11:00,2026-06-06T11:31,2026-06-06T21:00,2026-06-06T22:32,Picked,92,True,612.97,163.7
SH-00077,O-00077,BG-BOILE-057,W-MAN,D-MID,C-004,2026-06-08T15:00,2026-06-08T15:23,2026-06-09T21:00,2026-06-09T21:00,Picked,0,False,661.37,279.6
SH-00078,O-00078,BG-BOILE-026,W-GLA,D-WAL,C-003,2026-06-02T16:00,2026-06-02T16:46,2026-06-03T04:00,2026-06-03T05:22,Dispatched,82,False,742.33,145.0
SH-00079,O-00079,BG-BOILE-011,W-LON,D-STH,C-001,2026-06-14T10:00,2026-06-14T10:33,2026-06-15T15:00,2026-06-15T15:00,In Transit,0,False,889.38,229.9
SH-00080,O-00080,BG-PUMP-024,W-GLA,SY58 6GH,C-006,2026-06-01T09:00,2026-06-01T09:04,2026-06-01T15:00,2026-06-01T15:36,In Transit,36,False,538.87,115.0
SH-00081,O-00081,BG-BOILE-011,W-GLA,D-WAL,C-005,2026-06-13T17:00,2026-06-13T17:27,2026-06-14T08:00,2026-06-14T10:13,Created,133,True,660.37,229.4
SH-00082,O-00082,BG-SENSO-060,W-COV,D-STH,C-005,2026-06-03T15:00,2026-06-03T15:40,2026-06-04T09:00,2026-06-04T09:58,Created,58,False,460.45,218.4
SH-00083,O-00083,BG-BOILE-036,W-LON,D-SCO,C-004,2026-06-20T16:00,2026-06-20T16:21,2026-06-21T12:00,2026-06-21T13:14,Delivered,74,False,105.55,39.9
SH-00084,O-00084,BG-PUMP-064,W-MAN,D-SCO,C-003,2026-06-09T15:00,2026-06-09T15:45,2026-06-11T09:00,2026-06-11T09:15,Delivered,15,False,116.36,21.8
SH-00085,O-00085,BG-EV-010,W-GLA,D-NTH,C-002,2026-06-06T13:00,2026-06-06T13:30,2026-06-07T20:00,2026-06-07T20:00,Picked,0,False,1533.98,332.8
SH-00086,O-00086,BG-SENSO-080,W-GLA,D-WAL,C-005,2026-06-11T18:00,2026-06-11T18:50,2026-06-11T23:00,2026-06-12T00:39,Delivered,99,True,146.23,77.0
SH-00087,O-00087,BG-EV-082,W-GLA,D-LON,C-002,2026-06-11T11:00,2026-06-11T11:44,2026-06-12T12:00,2026-06-12T15:18,Exception,198,True,1448.0,240.1
SH-00088,O-00088,BG-BOILE-032,W-MAN,D-NTH,C-002,2026-06-01T10:00,2026-06-01T10:06,2026-06-01T15:00,2026-06-01T15:00,Delivered,0,False,1545.2,258.2
SH-00089,O-00089,BG-BOILE-042,W-MAN,D-MID,C-006,2026-06-17T15:00,2026-06-17T15:25,2026-06-19T08:00,2026-06-19T08:14,Dispatched,14,False,402.73,58.4
SH-00090,O-00090,BG-VALVE-016,W-GLA,D-LON,C-001,2026-06-02T16:00,2026-06-02T16:12,2026-06-03T17:00,2026-06-03T17:00,Packed,0,False,95.08,25.2
SH-00091,O-00091,BG-PUMP-088,W-GLA,D-SCO,C-004,2026-06-10T13:00,2026-06-10T13:08,2026-06-11T02:00,2026-06-11T02:00,Created,0,False,580.12,110.6
SH-00092,O-00092,BG-BOILE-040,W-LON,D-LON,C-004,2026-06-06T17:00,2026-06-06T17:37,2026-06-07T09:00,2026-06-07T11:04,Delayed,124,True,594.22,242.2
SH-00093,O-00093,BG-BOILE-004,W-MAN,D-LON,C-001,2026-06-13T13:00,2026-06-13T13:00,2026-06-14T09:00,2026-06-14T09:25,In Transit,25,False,1135.03,182.3
SH-00094,O-00094,BG-PIPEW-009,W-GLA,D-WAL,C-002,2026-06-06T10:00,2026-06-06T10:32,2026-06-06T20:00,2026-06-06T20:00,Created,0,False,383.14,61.3
SH-00095,O-00095,BG-PIPEW-041,W-COV,D-STH,C-006,2026-06-03T13:00,2026-06-03T13:32,2026-06-04T07:00,2026-06-04T09:28,In Transit,148,True,919.03,154.9
SH-00096,O-00096,BG-SENSO-060,W-LON,D-SCO,C-003,2026-06-07T11:00,2026-06-07T11:38,2026-06-08T06:00,2026-06-08T06:41,In Transit,41,False,979.16,213.2
SH-00097,O-00097,BG-PIPEW-048,W-COV,D-NTH,C-004,2026-06-14T14:00,2026-06-14T14:41,2026-06-16T07:00,2026-06-16T08:20,In Transit,80,False,367.29,170.3
SH-00098,O-00098,BG-METER-055,W-COV,D-STH,C-003,2026-06-17T16:00,2026-06-17T16:37,2026-06-18T15:00,2026-06-18T17:40,Delayed,160,True,902.76,146.2
SH-00099,O-00099,BG-BOILE-036,W-COV,IV6 2DJ,C-001,2026-06-01T17:00,2026-06-01T17:00,2026-06-02T00:00,2026-06-02T00:34,Delivered,34,False,191.31,26.6
SH-00100,O-00100,BG-PUMP-045,W-COV,EH64 2EJ,C-004,2026-06-04T14:00,2026-06-04T14:12,2026-06-05T03:00,2026-06-05T04:31,Dispatched,91,True,669.73,190.3
SH-00101,O-00101,BG-SENSO-012,W-MAN,D-WAL,C-003,2026-06-04T17:00,2026-06-04T17:47,2026-06-04T21:00,2026-06-05T00:12,Exception,192,True,377.39,101.1
SH-00102,O-00102,BG-PUMP-037,W-COV,D-SCO,C-003,2026-06-18T14:00,2026-06-18T14:20,2026-06-20T07:00,2026-06-20T08:47,Picked,107,True,454.99,103.2
SH-00103,O-00103,BG-BOILE-011,W-COV,D-NTH,C-001,2026-06-21T18:00,2026-06-21T18:30,2026-06-22T15:00,2026-06-22T19:11,Delayed,251,True,522.92,104.1
SH-00104,O-00104,BG-EV-047,W-GLA,D-STH,C-005,2026-06-14T18:00,2026-06-14T18:19,2026-06-15T00:00,2026-06-15T00:06,Created,6,False,604.93,201.9
SH-00105,O-00105,BG-PIPEW-048,W-MAN,D-STH,C-005,2026-06-20T10:00,2026-06-20T10:24,2026-06-20T15:00,2026-06-20T17:36,Exception,156,True,655.81,262.0
SH-00106,O-00106,BG-EV-082,W-LON,D-STH,C-003,2026-06-20T14:00,2026-06-20T14:11,2026-06-21T22:00,2026-06-21T22:43,Delivered,43,False,412.27,101.1
SH-00107,O-00107,BG-SENSO-068,W-COV,D-NTH,C-002,2026-06-03T13:00,2026-06-03T13:31,2026-06-04T17:00,2026-06-04T20:36,Exception,216,True,1526.01,282.2
SH-00108,O-00108,BG-EV-035,W-MAN,D-SCO,C-001,2026-06-15T10:00,2026-06-15T10:47,2026-06-16T17:00,2026-06-16T17:00,Picked,0,False,564.4,129.3
SH-00109,O-00109,BG-BOILE-026,W-LON,D-LON,C-004,2026-06-17T17:00,2026-06-17T17:09,2026-06-18T11:00,2026-06-18T16:07,Delayed,307,True,837.17,344.2
SH-00110,O-00110,BG-PUMP-024,W-MAN,D-WAL,C-003,2026-06-12T13:00,2026-06-12T13:06,2026-06-12T17:00,2026-06-12T20:04,Dispatched,184,True,471.11,89.4
SH-00111,O-00111,BG-EV-089,W-LON,D-LON,C-002,2026-06-16T18:00,2026-06-16T18:28,2026-06-18T06:00,2026-06-18T06:00,Created,0,False,248.67,37.3
SH-00112,O-00112,BG-SENSO-038,W-COV,YO85 2GE,C-003,2026-06-21T08:00,2026-06-21T08:14,2026-06-22T05:00,2026-06-22T05:14,Delivered,14,False,692.93,190.5
SH-00113,O-00113,BG-METER-017,W-GLA,D-SCO,C-002,2026-06-09T10:00,2026-06-09T10:00,2026-06-09T20:00,2026-06-09T21:36,Delivered,96,True,866.95,203.0
SH-00114,O-00114,BG-EV-020,W-GLA,D-SCO,C-002,2026-06-17T13:00,2026-06-17T13:27,2026-06-18T02:00,2026-06-18T05:38,Delayed,218,True,831.28,157.8
SH-00115,O-00115,BG-BOILE-011,W-MAN,D-LON,C-005,2026-06-17T17:00,2026-06-17T17:05,2026-06-18T12:00,2026-06-18T12:44,Packed,44,False,33.51,10.6
SH-00116,O-00116,BG-PUMP-037,W-COV,D-WAL,C-001,2026-06-02T18:00,2026-06-02T18:48,2026-06-03T09:00,2026-06-03T09:00,Created,0,False,590.48,119.2
SH-00117,O-00117,BG-PIPEW-041,W-MAN,D-WAL,C-001,2026-06-01T13:00,2026-06-01T13:20,2026-06-02T18:00,2026-06-02T18:29,In Transit,29,False,1556.98,357.9
SH-00118,O-00118,BG-PUMP-071,W-GLA,D-NTH,C-001,2026-06-04T15:00,2026-06-04T15:18,2026-06-05T05:00,2026-06-05T05:00,Dispatched,0,False,789.34,254.9
SH-00119,O-00119,BG-METER-044,W-GLA,W5 7AF,C-005,2026-06-07T15:00,2026-06-07T15:30,2026-06-08T04:00,2026-06-08T05:13,In Transit,73,False,231.66,93.7
SH-00120,O-00120,BG-SENSO-079,W-GLA,D-STH,C-002,2026-06-11T08:00,2026-06-11T08:29,2026-06-11T21:00,2026-06-11T22:07,Picked,67,False,1581.29,192.2
SH-00121,O-00121,BG-SENSO-056,W-LON,D-WAL,C-006,2026-06-20T09:00,2026-06-20T09:41,2026-06-20T14:00,2026-06-20T16:07,Picked,127,True,1802.54,327.5
SH-00122,O-00122,BG-SENSO-079,W-MAN,D-MID,C-006,2026-06-02T17:00,2026-06-02T17:40,2026-06-03T21:00,2026-06-03T21:25,In Transit,25,False,326.04,35.0
SH-00123,O-00123,BG-VALVE-049,W-COV,D-LON,C-003,2026-06-09T09:00,2026-06-09T09:55,2026-06-09T19:00,2026-06-09T23:51,Delayed,291,True,831.23,147.1
SH-00124,O-00124,BG-BOILE-004,W-MAN,D-STH,C-003,2026-06-08T09:00,2026-06-08T09:08,2026-06-09T06:00,2026-06-09T06:00,Delivered,0,False,1412.93,420.7
SH-00125,O-00125,BG-VALVE-085,W-GLA,D-WAL,C-003,2026-06-05T13:00,2026-06-05T13:21,2026-06-06T06:00,2026-06-06T07:02,Created,62,False,302.16,53.7
SH-00126,O-00126,BG-SENSO-061,W-GLA,D-STH,C-001,2026-06-10T12:00,2026-06-10T12:22,2026-06-11T17:00,2026-06-11T18:01,Dispatched,61,False,66.71,21.4
SH-00127,O-00127,BG-PIPEW-041,W-GLA,D-STH,C-002,2026-06-21T15:00,2026-06-21T15:30,2026-06-23T02:00,2026-06-23T02:00,Packed,0,False,1090.6,124.4
SH-00128,O-00128,BG-EV-035,W-LON,D-WAL,C-001,2026-06-17T15:00,2026-06-17T15:07,2026-06-19T06:00,2026-06-19T06:00,Dispatched,0,False,827.87,171.0
SH-00129,O-00129,BG-SENSO-052,W-GLA,D-MID,C-004,2026-06-04T11:00,2026-06-04T11:13,2026-06-05T01:00,2026-06-05T01:16,Dispatched,16,False,166.77,50.0
SH-00130,O-00130,BG-VALVE-033,W-GLA,D-STH,C-006,2026-06-09T13:00,2026-06-09T13:52,2026-06-10T15:00,2026-06-10T15:00,In Transit,0,False,516.51,100.3
SH-00131,O-00131,BG-PUMP-088,W-COV,D-NTH,C-002,2026-06-10T17:00,2026-06-10T17:04,2026-06-11T15:00,2026-06-11T15:00,In Transit,0,False,1180.21,172.6
SH-00132,O-00132,BG-BOILE-026,W-LON,D-MID,C-003,2026-06-14T16:00,2026-06-14T16:19,2026-06-15T01:00,2026-06-15T01:16,Packed,16,False,1425.49,348.9
SH-00133,O-00133,BG-PIPEW-014,W-COV,D-MID,C-003,2026-06-10T17:00,2026-06-10T17:47,2026-06-12T10:00,2026-06-12T10:00,Created,0,False,315.97,52.8
SH-00134,O-00134,BG-METER-031,W-LON,D-STH,C-002,2026-06-18T11:00,2026-06-18T11:18,2026-06-19T09:00,2026-06-19T09:33,In Transit,33,False,1389.62,309.2
SH-00135,O-00135,BG-SENSO-061,W-GLA,D-LON,C-005,2026-06-19T16:00,2026-06-19T16:20,2026-06-21T09:00,2026-06-21T09:38,Picked,38,False,488.87,238.4
SH-00136,O-00136,BG-BOILE-021,W-MAN,CF47 7KJ,C-004,2026-06-07T09:00,2026-06-07T09:42,2026-06-07T19:00,2026-06-07T22:26,Delayed,206,True,272.37,68.0
SH-00137,O-00137,BG-BOILE-021,W-COV,D-NTH,C-003,2026-06-18T17:00,2026-06-18T17:25,2026-06-19T00:00,2026-06-19T02:35,Delayed,155,True,681.12,140.9
SH-00138,O-00138,BG-PUMP-018,W-COV,D-MID,C-001,2026-06-04T17:00,2026-06-04T17:22,2026-06-05T09:00,2026-06-05T12:53,Exception,233,True,643.9,128.5
SH-00139,O-00139,BG-PUMP-071,W-COV,D-SCO,C-002,2026-06-12T10:00,2026-06-12T10:48,2026-06-13T19:00,2026-06-13T20:07,In Transit,67,False,1834.88,260.1
SH-00140,O-00140,BG-BOILE-067,W-GLA,D-NTH,C-003,2026-06-13T15:00,2026-06-13T15:15,2026-06-14T03:00,2026-06-14T03:36,Delivered,36,False,89.48,18.4
SH-00141,O-00141,BG-PUMP-024,W-COV,D-NTH,C-006,2026-06-15T17:00,2026-06-15T17:45,2026-06-16T13:00,2026-06-16T13:00,Packed,0,False,1572.01,170.8
SH-00142,O-00142,BG-PIPEW-075,W-COV,D-STH,C-006,2026-06-07T14:00,2026-06-07T14:02,2026-06-08T03:00,2026-06-08T04:31,Delivered,91,True,282.4,49.3
SH-00143,O-00143,BG-SENSO-086,W-MAN,D-SCO,C-002,2026-06-10T13:00,2026-06-10T13:09,2026-06-12T05:00,2026-06-12T05:19,In Transit,19,False,703.03,111.8
SH-00144,O-00144,BG-BOILE-042,W-LON,D-WAL,C-004,2026-06-17T17:00,2026-06-17T17:49,2026-06-18T03:00,2026-06-18T03:48,Dispatched,48,False,915.53,416.4
SH-00145,O-00145,BG-PUMP-069,W-LON,D-SCO,C-002,2026-06-16T08:00,2026-06-16T08:27,2026-06-17T16:00,2026-06-17T16:00,Delivered,0,False,1194.77,188.2
SH-00146,O-00146,BG-EV-023,W-LON,D-NTH,C-001,2026-06-09T17:00,2026-06-09T17:37,2026-06-10T12:00,2026-06-10T13:00,In Transit,60,False,81.78,17.7
SH-00147,O-00147,BG-EV-006,W-GLA,PO78 9AA,C-003,2026-06-14T11:00,2026-06-14T11:40,2026-06-14T22:00,2026-06-14T22:00,Packed,0,False,910.26,160.1
SH-00148,O-00148,BG-BOILE-005,W-COV,D-STH,C-003,2026-06-13T18:00,2026-06-13T18:52,2026-06-14T15:00,2026-06-14T15:13,In Transit,13,False,1539.82,380.3
SH-00149,O-00149,BG-BOILE-040,W-MAN,RG79 8JK,C-003,2026-06-21T09:00,2026-06-21T09:31,2026-06-23T02:00,2026-06-23T02:55,Delivered,55,False,186.24,36.5
SH-00150,O-00150,BG-BOILE-067,W-GLA,D-MID,C-003,2026-06-19T18:00,2026-06-19T18:18,2026-06-21T07:00,2026-06-21T07:46,Picked,46,False,325.41,90.4
SH-00151,O-00151,BG-BOILE-040,W-GLA,D-WAL,C-003,2026-06-09T16:00,2026-06-09T16:09,2026-06-10T02:00,2026-06-10T02:00,Created,0,False,685.88,157.0
SH-00152,O-00152,BG-SENSO-019,W-MAN,D-MID,C-004,2026-06-16T12:00,2026-06-16T12:35,2026-06-17T19:00,2026-06-17T19:07,Delivered,7,False,440.0,149.3
SH-00153,O-00153,BG-PIPEW-041,W-MAN,D-STH,C-001,2026-06-09T11:00,2026-06-09T11:43,2026-06-10T11:00,2026-06-10T11:00,Dispatched,0,False,1416.02,233.1
SH-00154,O-00154,BG-PUMP-088,W-MAN,D-NTH,C-006,2026-06-05T12:00,2026-06-05T12:45,2026-06-06T10:00,2026-06-06T10:00,Created,0,False,449.25,115.8
SH-00155,O-00155,BG-PUMP-081,W-COV,D-NTH,C-002,2026-06-05T15:00,2026-06-05T15:37,2026-06-05T21:00,2026-06-05T21:00,In Transit,0,False,951.17,171.5
SH-00156,O-00156,BG-PUMP-043,W-COV,D-LON,C-001,2026-06-10T10:00,2026-06-10T10:29,2026-06-11T15:00,2026-06-11T15:00,Delivered,0,False,682.53,119.3
SH-00157,O-00157,BG-METER-001,W-LON,D-SCO,C-005,2026-06-03T18:00,2026-06-03T18:19,2026-06-05T01:00,2026-06-05T01:36,Created,36,False,95.74,56.4
SH-00158,O-00158,BG-METER-001,W-LON,D-NTH,C-003,2026-06-07T16:00,2026-06-07T16:46,2026-06-09T01:00,2026-06-09T02:32,Delivered,92,True,594.03,90.3
SH-00159,O-00159,BG-METER-044,W-LON,D-WAL,C-006,2026-06-14T14:00,2026-06-14T14:41,2026-06-14T23:00,2026-06-15T01:41,Dispatched,161,True,1167.49,191.8
SH-00160,O-00160,BG-PUMP-043,W-LON,D-STH,C-005,2026-06-16T16:00,2026-06-16T16:21,2026-06-17T16:00,2026-06-17T16:46,Created,46,False,75.9,27.1
SH-00161,O-00161,BG-BOILE-036,W-LON,LS52 8HE,C-003,2026-06-21T09:00,2026-06-21T09:20,2026-06-22T21:00,2026-06-23T00:27,Delayed,207,True,95.26,27.6
SH-00162,O-00162,BG-BOILE-004,W-LON,IV83 2KF,C-002,2026-06-15T11:00,2026-06-15T11:28,2026-06-16T06:00,2026-06-16T06:00,Delivered,0,False,1513.52,346.7
SH-00163,O-00163,BG-EV-089,W-MAN,D-STH,C-004,2026-06-15T12:00,2026-06-15T12:09,2026-06-17T01:00,2026-06-17T01:00,Delivered,0,False,209.73,55.5
SH-00164,O-00164,BG-BOILE-036,W-COV,D-SCO,C-005,2026-06-21T11:00,2026-06-21T11:29,2026-06-23T03:00,2026-06-23T03:00,Dispatched,0,False,779.85,334.0
SH-00165,O-00165,BG-PIPEW-013,W-MAN,D-WAL,C-005,2026-06-11T18:00,2026-06-11T18:30,2026-06-12T10:00,2026-06-12T11:24,In Transit,84,False,412.68,203.2
SH-00166,O-00166,BG-PIPEW-013,W-MAN,N40 9EF,C-004,2026-06-21T18:00,2026-06-21T18:11,2026-06-22T10:00,2026-06-22T10:55,In Transit,55,False,140.13,42.9
SH-00167,O-00167,BG-BOILE-026,W-MAN,D-LON,C-002,2026-06-10T13:00,2026-06-10T13:35,2026-06-12T04:00,2026-06-12T05:25,In Transit,85,False,1313.86,189.0
SH-00168,O-00168,BG-PUMP-074,W-GLA,E18 2FF,C-002,2026-06-15T11:00,2026-06-15T11:34,2026-06-16T07:00,2026-06-16T07:36,Dispatched,36,False,824.84,149.5
SH-00169,O-00169,BG-SENSO-072,W-LON,D-LON,C-001,2026-06-06T16:00,2026-06-06T16:39,2026-06-07T08:00,2026-06-07T08:41,Delivered,41,False,881.7,124.9
SH-00170,O-00170,BG-BOILE-021,W-LON,D-SCO,C-004,2026-06-08T11:00,2026-06-08T11:01,2026-06-08T23:00,2026-06-08T23:08,Delivered,8,False,1017.53,196.7
SH-00171,O-00171,BG-PIPEW-083,W-COV,D-SCO,C-003,2026-06-05T11:00,2026-06-05T11:08,2026-06-06T21:00,2026-06-06T21:31,In Transit,31,False,1428.44,362.4
SH-00172,O-00172,BG-PUMP-029,W-COV,D-NTH,C-001,2026-06-03T09:00,2026-06-03T09:26,2026-06-04T23:00,2026-06-05T02:17,Exception,197,True,76.45,17.6
SH-00173,O-00173,BG-SENSO-019,W-LON,D-WAL,C-006,2026-06-08T10:00,2026-06-08T10:54,2026-06-09T12:00,2026-06-09T12:21,In Transit,21,False,144.48,27.6
SH-00174,O-00174,BG-SENSO-068,W-MAN,D-STH,C-005,2026-06-19T16:00,2026-06-19T16:51,2026-06-21T06:00,2026-06-21T06:33,In Transit,33,False,253.27,89.4
SH-00175,O-00175,BG-EV-020,W-LON,D-WAL,C-002,2026-06-05T18:00,2026-06-05T18:19,2026-06-07T07:00,2026-06-07T10:18,Delayed,198,True,615.38,162.2
SH-00176,O-00176,BG-VALVE-078,W-COV,D-LON,C-005,2026-06-20T16:00,2026-06-20T16:42,2026-06-21T20:00,2026-06-21T21:16,Delivered,76,False,449.17,321.7
SH-00177,O-00177,BG-PIPEW-007,W-GLA,D-WAL,C-003,2026-06-21T12:00,2026-06-21T12:41,2026-06-22T12:00,2026-06-22T15:36,Delayed,216,True,785.78,166.5
SH-00178,O-00178,BG-BOILE-026,W-GLA,D-WAL,C-001,2026-06-20T18:00,2026-06-20T18:16,2026-06-21T07:00,2026-06-21T07:00,In Transit,0,False,829.64,163.9
SH-00179,O-00179,BG-PUMP-069,W-COV,D-SCO,C-003,2026-06-20T11:00,2026-06-20T11:52,2026-06-21T05:00,2026-06-21T08:17,Delayed,197,True,1402.27,214.3
SH-00180,O-00180,BG-SENSO-068,W-LON,D-WAL,C-004,2026-06-07T11:00,2026-06-07T11:11,2026-06-08T02:00,2026-06-08T05:59,Exception,239,True,44.58,20.1
SH-00181,O-00181,BG-EV-073,W-MAN,D-WAL,C-005,2026-06-03T10:00,2026-06-03T10:13,2026-06-04T12:00,2026-06-04T12:56,Packed,56,False,131.23,50.4
SH-00182,O-00182,BG-BOILE-084,W-MAN,D-NTH,C-003,2026-06-19T17:00,2026-06-19T17:33,2026-06-20T22:00,2026-06-20T23:38,Delivered,98,True,486.72,132.7
SH-00183,O-00183,BG-VALVE-002,W-LON,D-MID,C-001,2026-06-07T09:00,2026-06-07T09:52,2026-06-08T10:00,2026-06-08T10:32,Packed,32,False,1382.47,256.4
SH-00184,O-00184,BG-PUMP-069,W-GLA,D-SCO,C-003,2026-06-09T18:00,2026-06-09T18:44,2026-06-10T23:00,2026-06-10T23:25,Delivered,25,False,972.5,290.7
SH-00185,O-00185,BG-PUMP-081,W-MAN,D-SCO,C-002,2026-06-15T08:00,2026-06-15T08:33,2026-06-16T06:00,2026-06-16T06:42,Packed,42,False,393.91,75.4
SH-00186,O-00186,BG-SENSO-019,W-GLA,D-STH,C-001,2026-06-14T16:00,2026-06-14T16:25,2026-06-15T04:00,2026-06-15T04:12,Delivered,12,False,896.77,156.1
SH-00187,O-00187,BG-EV-035,W-MAN,NP41 9AB,C-006,2026-06-21T14:00,2026-06-21T14:20,2026-06-22T23:00,2026-06-22T23:00,Picked,0,False,608.83,80.6
SH-00188,O-00188,BG-EV-003,W-GLA,D-MID,C-005,2026-06-15T17:00,2026-06-15T17:01,2026-06-17T04:00,2026-06-17T06:39,Delayed,159,True,54.18,22.9
SH-00189,O-00189,BG-PUMP-074,W-GLA,D-MID,C-001,2026-06-13T11:00,2026-06-13T11:43,2026-06-14T08:00,2026-06-14T09:12,Created,72,False,986.68,247.7
SH-00190,O-00190,BG-SENSO-079,W-COV,D-STH,C-001,2026-06-05T11:00,2026-06-05T11:05,2026-06-06T02:00,2026-06-06T02:00,Delivered,0,False,741.05,119.7
SH-00191,O-00191,BG-BOILE-021,W-COV,D-WAL,C-001,2026-06-03T15:00,2026-06-03T15:05,2026-06-04T23:00,2026-06-05T01:35,Delayed,155,True,717.24,143.4
SH-00192,O-00192,BG-EV-023,W-MAN,BN64 7CE,C-002,2026-06-07T09:00,2026-06-07T09:30,2026-06-07T22:00,2026-06-07T23:42,Created,102,True,903.82,252.9
SH-00193,O-00193,BG-METER-044,W-GLA,D-NTH,C-006,2026-06-05T13:00,2026-06-05T13:23,2026-06-06T19:00,2026-06-06T19:00,Created,0,False,349.24,72.2
SH-00194,O-00194,BG-PIPEW-041,W-COV,CV68 9ED,C-005,2026-06-07T18:00,2026-06-07T18:38,2026-06-09T12:00,2026-06-09T12:03,Packed,3,False,317.57,148.6
SH-00195,O-00195,BG-BOILE-042,W-MAN,D-LON,C-005,2026-06-21T12:00,2026-06-21T12:32,2026-06-21T19:00,2026-06-21T19:00,Created,0,False,69.5,29.4
SH-00196,O-00196,BG-EV-082,W-LON,D-LON,C-006,2026-06-01T16:00,2026-06-01T16:31,2026-06-01T21:00,2026-06-01T22:50,Delivered,110,True,296.23,39.1
SH-00197,O-00197,BG-BOILE-026,W-GLA,D-MID,C-005,2026-06-07T17:00,2026-06-07T17:40,2026-06-08T11:00,2026-06-08T11:49,Created,49,False,426.09,232.0
SH-00198,O-00198,BG-PIPEW-083,W-COV,CF39 3EH,C-002,2026-06-12T09:00,2026-06-12T09:41,2026-06-12T14:00,2026-06-12T14:00,Dispatched,0,False,680.41,184.3
SH-00199,O-00199,BG-SENSO-072,W-GLA,D-NTH,C-006,2026-06-08T08:00,2026-06-08T08:52,2026-06-09T18:00,2026-06-09T18:22,In Transit,22,False,563.26,116.2
SH-00200,O-00200,BG-EV-089,W-COV,D-SCO,C-004,2026-06-14T09:00,2026-06-14T09:02,2026-06-15T22:00,2026-06-16T01:55,Exception,235,True,431.89,117.7
SH-00201,O-00201,BG-VALVE-002,W-LON,D-NTH,C-006,2026-06-11T14:00,2026-06-11T14:40,2026-06-13T07:00,2026-06-13T09:47,Delayed,167,True,879.77,214.2
SH-00202,O-00202,BG-METER-087,W-LON,D-LON,C-001,2026-06-15T09:00,2026-06-15T09:29,2026-06-16T06:00,2026-06-16T07:01,In Transit,61,False,1274.0,276.1
SH-00203,O-00203,BG-BOILE-057,W-COV,D-LON,C-004,2026-06-14T08:00,2026-06-14T08:34,2026-06-14T18:00,2026-06-14T18:00,In Transit,0,False,62.1,14.6
SH-00204,O-00204,BG-PUMP-018,W-COV,D-MID,C-003,2026-06-16T11:00,2026-06-16T11:30,2026-06-17T21:00,2026-06-17T21:00,Packed,0,False,350.27,88.5
SH-00205,O-00205,BG-SENSO-060,W-MAN,D-WAL,C-006,2026-06-10T16:00,2026-06-10T16:30,2026-06-12T04:00,2026-06-12T04:00,Delivered,0,False,234.63,42.5
SH-00206,O-00206,BG-EV-035,W-LON,OX51 1BD,C-005,2026-06-18T13:00,2026-06-18T13:38,2026-06-18T21:00,2026-06-18T21:00,Picked,0,False,330.73,214.1
SH-00207,O-00207,BG-EV-008,W-GLA,D-WAL,C-001,2026-06-11T17:00,2026-06-11T17:14,2026-06-13T11:00,2026-06-13T11:19,Packed,19,False,1230.66,257.5
SH-00208,O-00208,BG-SENSO-053,W-GLA,D-NTH,C-006,2026-06-15T10:00,2026-06-15T10:24,2026-06-16T14:00,2026-06-16T14:00,Delivered,0,False,643.44,119.2
SH-00209,O-00209,BG-SENSO-056,W-MAN,NG83 9KJ,C-006,2026-06-14T09:00,2026-06-14T09:16,2026-06-15T19:00,2026-06-15T19:00,Dispatched,0,False,869.9,136.1
SH-00210,O-00210,BG-EV-010,W-GLA,PO20 9CD,C-001,2026-06-09T10:00,2026-06-09T10:49,2026-06-10T19:00,2026-06-10T19:47,In Transit,47,False,335.69,42.2
SH-00211,O-00211,BG-BOILE-005,W-COV,D-SCO,C-002,2026-06-20T13:00,2026-06-20T13:24,2026-06-21T17:00,2026-06-21T17:42,Delivered,42,False,723.23,180.2
SH-00212,O-00212,BG-EV-010,W-GLA,D-LON,C-005,2026-06-12T16:00,2026-06-12T16:55,2026-06-14T02:00,2026-06-14T03:00,Delayed,60,False,320.89,124.5
SH-00213,O-00213,BG-EV-027,W-LON,D-STH,C-001,2026-06-06T08:00,2026-06-06T08:29,2026-06-06T22:00,2026-06-06T22:21,Created,21,False,1412.77,337.0
SH-00214,O-00214,BG-SENSO-070,W-MAN,D-SCO,C-005,2026-06-14T14:00,2026-06-14T14:21,2026-06-15T13:00,2026-06-15T14:30,In Transit,90,False,40.12,19.5
SH-00215,O-00215,BG-SENSO-086,W-COV,D-NTH,C-005,2026-06-02T10:00,2026-06-02T10:37,2026-06-02T19:00,2026-06-02T20:06,Created,66,False,406.84,166.6
SH-00216,O-00216,BG-EV-089,W-GLA,D-SCO,C-003,2026-06-16T14:00,2026-06-16T14:41,2026-06-18T05:00,2026-06-18T05:00,In Transit,0,False,1701.31,271.1
SH-00217,O-00217,BG-VALVE-065,W-MAN,D-WAL,C-002,2026-06-05T13:00,2026-06-05T13:17,2026-06-07T02:00,2026-06-07T02:00,Delivered,0,False,896.43,151.4
SH-00218,O-00218,BG-METER-054,W-MAN,YO85 9EB,C-001,2026-06-21T12:00,2026-06-21T12:42,2026-06-21T19:00,2026-06-21T19:00,Delivered,0,False,1191.23,193.2
SH-00219,O-00219,BG-VALVE-016,W-COV,D-MID,C-004,2026-06-03T13:00,2026-06-03T13:12,2026-06-05T03:00,2026-06-05T03:40,In Transit,40,False,485.45,122.0
SH-00220,O-00220,BG-PUMP-071,W-LON,D-STH,C-005,2026-06-04T17:00,2026-06-04T17:50,2026-06-05T17:00,2026-06-05T17:00,Delivered,0,False,85.6,56.5
SH-00221,O-00221,BG-EV-089,W-LON,D-MID,C-005,2026-06-18T18:00,2026-06-18T18:02,2026-06-19T17:00,2026-06-19T17:00,Delivered,0,False,476.84,126.7
SH-00222,O-00222,BG-BOILE-025,W-GLA,D-STH,C-005,2026-06-12T10:00,2026-06-12T10:37,2026-06-13T16:00,2026-06-13T18:19,In Transit,139,True,431.01,182.1
SH-00223,O-00223,BG-EV-063,W-GLA,D-NTH,C-004,2026-06-14T08:00,2026-06-14T08:50,2026-06-14T15:00,2026-06-14T15:27,Picked,27,False,456.82,115.6
SH-00224,O-00224,BG-EV-020,W-GLA,D-STH,C-001,2026-06-18T14:00,2026-06-18T14:30,2026-06-19T06:00,2026-06-19T08:11,Delayed,131,True,1345.88,282.3
SH-00225,O-00225,BG-BOILE-028,W-MAN,D-LON,C-002,2026-06-04T08:00,2026-06-04T08:17,2026-06-06T01:00,2026-06-06T01:23,In Transit,23,False,402.33,83.7
SH-00226,O-00226,BG-EV-027,W-COV,D-STH,C-003,2026-06-14T10:00,2026-06-14T10:53,2026-06-15T00:00,2026-06-15T02:30,Delivered,150,True,827.54,233.9
SH-00227,O-00227,BG-EV-089,W-MAN,G67 3JD,C-002,2026-06-08T16:00,2026-06-08T16:41,2026-06-10T09:00,2026-06-10T09:53,In Transit,53,False,1195.36,154.9
SH-00228,O-00228,BG-PIPEW-075,W-COV,D-SCO,C-001,2026-06-07T15:00,2026-06-07T15:28,2026-06-09T05:00,2026-06-09T06:29,Exception,89,False,856.96,185.5
SH-00229,O-00229,BG-SENSO-012,W-MAN,SE48 1FE,C-003,2026-06-09T16:00,2026-06-09T16:26,2026-06-10T05:00,2026-06-10T05:59,Picked,59,False,1349.35,206.1
SH-00230,O-00230,BG-PIPEW-083,W-COV,D-MID,C-002,2026-06-16T11:00,2026-06-16T11:24,2026-06-17T03:00,2026-06-17T04:11,In Transit,71,False,1023.43,223.6
SH-00231,O-00231,BG-METER-087,W-LON,D-WAL,C-003,2026-06-18T18:00,2026-06-18T18:46,2026-06-18T23:00,2026-06-18T23:41,Delivered,41,False,199.19,44.4
SH-00232,O-00232,BG-BOILE-059,W-MAN,D-MID,C-005,2026-06-04T16:00,2026-06-04T16:12,2026-06-05T11:00,2026-06-05T12:01,Created,61,False,609.54,173.8
SH-00233,O-00233,BG-PUMP-088,W-COV,D-NTH,C-002,2026-06-12T17:00,2026-06-12T17:19,2026-06-14T11:00,2026-06-14T11:35,Created,35,False,220.58,39.7
SH-00234,O-00234,BG-EV-006,W-MAN,D-SCO,C-005,2026-06-04T10:00,2026-06-04T10:54,2026-06-04T15:00,2026-06-04T15:00,In Transit,0,False,171.17,85.5
SH-00235,O-00235,BG-SENSO-068,W-LON,D-WAL,C-002,2026-06-02T11:00,2026-06-02T11:03,2026-06-02T21:00,2026-06-02T21:33,Delivered,33,False,990.36,191.1
SH-00236,O-00236,BG-EV-082,W-MAN,D-NTH,C-001,2026-06-14T08:00,2026-06-14T08:47,2026-06-15T01:00,2026-06-15T03:49,Delayed,169,True,749.4,179.9
SH-00237,O-00237,BG-BOILE-025,W-COV,D-LON,C-003,2026-06-18T10:00,2026-06-18T10:32,2026-06-19T07:00,2026-06-19T07:33,Dispatched,33,False,662.88,159.4
SH-00238,O-00238,BG-PIPEW-075,W-GLA,D-NTH,C-004,2026-06-21T10:00,2026-06-21T10:23,2026-06-22T04:00,2026-06-22T06:05,Created,125,True,574.56,165.6
SH-00239,O-00239,BG-PIPEW-014,W-LON,D-MID,C-001,2026-06-01T14:00,2026-06-01T14:32,2026-06-02T14:00,2026-06-02T15:37,Packed,97,True,75.7,13.8
SH-00240,O-00240,BG-EV-010,W-MAN,D-SCO,C-001,2026-06-21T09:00,2026-06-21T09:52,2026-06-23T02:00,2026-06-23T03:27,Delivered,87,False,87.82,13.2
SH-00241,O-00241,BG-METER-087,W-GLA,D-STH,C-002,2026-06-13T18:00,2026-06-13T18:34,2026-06-15T02:00,2026-06-15T03:04,Delivered,64,False,931.36,187.0
SH-00242,O-00242,BG-VALVE-050,W-COV,D-WAL,C-004,2026-06-18T18:00,2026-06-18T18:39,2026-06-20T02:00,2026-06-20T02:00,Packed,0,False,748.76,265.4
SH-00243,O-00243,BG-PUMP-046,W-LON,D-NTH,C-005,2026-06-06T18:00,2026-06-06T18:47,2026-06-08T10:00,2026-06-08T10:30,Delivered,30,False,422.65,156.9
SH-00244,O-00244,BG-BOILE-066,W-GLA,OX31 5AB,C-005,2026-06-04T15:00,2026-06-04T15:03,2026-06-05T07:00,2026-06-05T11:10,Delayed,250,True,336.83,134.5
SH-00245,O-00245,BG-SENSO-068,W-MAN,D-SCO,C-001,2026-06-16T16:00,2026-06-16T16:30,2026-06-16T20:00,2026-06-16T21:51,Picked,111,True,455.32,74.8
SH-00246,O-00246,BG-METER-030,W-GLA,D-SCO,C-005,2026-06-03T11:00,2026-06-03T11:52,2026-06-03T22:00,2026-06-03T23:00,Picked,60,False,666.75,176.7
SH-00247,O-00247,BG-EV-008,W-COV,D-STH,C-004,2026-06-03T16:00,2026-06-03T16:45,2026-06-05T07:00,2026-06-05T07:29,Picked,29,False,331.19,76.4
SH-00248,O-00248,BG-METER-055,W-MAN,AB84 6DK,C-003,2026-06-21T12:00,2026-06-21T12:35,2026-06-22T01:00,2026-06-22T02:10,Packed,70,False,609.29,193.5
SH-00249,O-00249,BG-PUMP-064,W-MAN,D-SCO,C-006,2026-06-07T15:00,2026-06-07T15:35,2026-06-09T04:00,2026-06-09T04:01,Picked,1,False,1238.79,283.6
SH-00250,O-00250,BG-METER-015,W-MAN,D-NTH,C-004,2026-06-12T10:00,2026-06-12T10:36,2026-06-12T19:00,2026-06-12T22:51,Exception,231,True,631.23,192.9
SH-00251,O-00251,BG-PIPEW-014,W-MAN,D-WAL,C-002,2026-06-02T09:00,2026-06-02T09:21,2026-06-03T22:00,2026-06-03T22:17,Picked,17,False,1070.01,145.8
SH-00252,O-00252,BG-BOILE-059,W-GLA,D-NTH,C-001,2026-06-09T11:00,2026-06-09T11:22,2026-06-11T02:00,2026-06-11T02:18,In Transit,18,False,211.98,60.4
SH-00253,O-00253,BG-BOILE-005,W-LON,D-NTH,C-002,2026-06-04T08:00,2026-06-04T08:31,2026-06-06T00:00,2026-06-06T00:00,In Transit,0,False,1034.09,166.7
SH-00254,O-00254,BG-SENSO-070,W-COV,D-MID,C-001,2026-06-04T18:00,2026-06-04T18:06,2026-06-05T07:00,2026-06-05T07:00,In Transit,0,False,1396.52,274.7
SH-00255,O-00255,BG-PUMP-043,W-LON,D-WAL,C-002,2026-06-20T14:00,2026-06-20T14:16,2026-06-21T21:00,2026-06-21T22:23,Delivered,83,False,1573.12,215.4
SH-00256,O-00256,BG-SENSO-086,W-GLA,D-SCO,C-006,2026-06-11T10:00,2026-06-11T10:39,2026-06-13T04:00,2026-06-13T05:51,Created,111,True,1394.99,274.1
SH-00257,O-00257,BG-BOILE-034,W-LON,BN21 1EB,C-002,2026-06-05T08:00,2026-06-05T08:34,2026-06-05T22:00,2026-06-05T22:31,In Transit,31,False,1259.76,370.8
SH-00258,O-00258,BG-EV-006,W-COV,D-MID,C-004,2026-06-11T15:00,2026-06-11T15:53,2026-06-12T07:00,2026-06-12T09:16,Delayed,136,True,569.1,196.7
SH-00259,O-00259,BG-PIPEW-014,W-LON,D-SCO,C-004,2026-06-06T12:00,2026-06-06T12:44,2026-06-07T10:00,2026-06-07T10:00,Delivered,0,False,169.36,32.3
SH-00260,O-00260,BG-BOILE-021,W-GLA,D-WAL,C-002,2026-06-04T11:00,2026-06-04T11:46,2026-06-05T17:00,2026-06-05T17:00,Packed,0,False,1064.06,181.7
SH-00261,O-00261,BG-PUMP-029,W-MAN,D-WAL,C-003,2026-06-13T18:00,2026-06-13T18:42,2026-06-15T08:00,2026-06-15T08:00,In Transit,0,False,881.31,172.3
SH-00262,O-00262,BG-BOILE-004,W-GLA,D-SCO,C-005,2026-06-05T12:00,2026-06-05T12:37,2026-06-06T08:00,2026-06-06T08:58,In Transit,58,False,370.17,176.9
SH-00263,O-00263,BG-VALVE-078,W-MAN,D-STH,C-005,2026-06-08T08:00,2026-06-08T08:54,2026-06-08T23:00,2026-06-09T01:35,In Transit,155,True,101.82,58.6
SH-00264,O-00264,BG-BOILE-022,W-LON,D-SCO,C-001,2026-06-17T12:00,2026-06-17T12:48,2026-06-18T22:00,2026-06-18T22:35,Packed,35,False,139.39,30.9
SH-00265,O-00265,BG-BOILE-032,W-MAN,D-LON,C-006,2026-06-21T18:00,2026-06-21T18:12,2026-06-23T09:00,2026-06-23T09:13,Picked,13,False,960.15,206.7
SH-00266,O-00266,BG-SENSO-080,W-COV,D-STH,C-002,2026-06-18T09:00,2026-06-18T09:43,2026-06-19T09:00,2026-06-19T09:00,Created,0,False,831.58,143.9
SH-00267,O-00267,BG-PUMP-029,W-LON,PO73 4CJ,C-005,2026-06-06T16:00,2026-06-06T16:07,2026-06-08T07:00,2026-06-08T07:34,Picked,34,False,392.99,177.8
SH-00268,O-00268,BG-PUMP-071,W-COV,B1 4AH,C-006,2026-06-07T13:00,2026-06-07T13:55,2026-06-09T06:00,2026-06-09T07:38,Dispatched,98,True,1797.35,406.1
SH-00269,O-00269,BG-EV-035,W-GLA,D-WAL,C-005,2026-06-02T16:00,2026-06-02T16:27,2026-06-03T22:00,2026-06-03T23:34,Delayed,94,True,443.29,212.8
SH-00270,O-00270,BG-PUMP-071,W-COV,D-STH,C-001,2026-06-05T09:00,2026-06-05T09:23,2026-06-06T10:00,2026-06-06T10:00,Delivered,0,False,339.5,80.8
SH-00271,O-00271,BG-PIPEW-007,W-LON,D-NTH,C-001,2026-06-08T13:00,2026-06-08T13:13,2026-06-09T01:00,2026-06-09T01:00,In Transit,0,False,648.68,182.5
SH-00272,O-00272,BG-PIPEW-014,W-MAN,D-LON,C-006,2026-06-11T10:00,2026-06-11T10:47,2026-06-11T16:00,2026-06-11T17:40,In Transit,100,True,947.53,151.4
SH-00273,O-00273,BG-BOILE-034,W-GLA,D-WAL,C-003,2026-06-05T13:00,2026-06-05T13:43,2026-06-06T04:00,2026-06-06T04:40,In Transit,40,False,1114.05,349.6
SH-00274,O-00274,BG-PIPEW-007,W-MAN,D-LON,C-004,2026-06-15T17:00,2026-06-15T17:05,2026-06-16T20:00,2026-06-16T20:00,Dispatched,0,False,74.09,21.6
SH-00275,O-00275,BG-PUMP-088,W-COV,D-NTH,C-002,2026-06-03T18:00,2026-06-03T18:50,2026-06-05T10:00,2026-06-05T11:06,Dispatched,66,False,1127.62,162.4
SH-00276,O-00276,BG-BOILE-036,W-GLA,D-WAL,C-003,2026-06-02T11:00,2026-06-02T11:32,2026-06-03T09:00,2026-06-03T10:12,In Transit,72,False,695.89,236.1
SH-00277,O-00277,BG-BOILE-021,W-GLA,D-LON,C-003,2026-06-01T11:00,2026-06-01T11:31,2026-06-02T04:00,2026-06-02T04:55,Created,55,False,1593.68,295.3
SH-00278,O-00278,BG-METER-030,W-MAN,D-STH,C-002,2026-06-06T08:00,2026-06-06T08:09,2026-06-07T17:00,2026-06-07T18:11,Delivered,71,False,78.13,16.9
SH-00279,O-00279,BG-VALVE-062,W-GLA,D-MID,C-005,2026-06-03T16:00,2026-06-03T16:37,2026-06-05T02:00,2026-06-05T03:42,Picked,102,True,456.2,135.2
SH-00280,O-00280,BG-METER-017,W-MAN,EH92 8HF,C-001,2026-06-02T12:00,2026-06-02T12:44,2026-06-03T01:00,2026-06-03T01:18,Delivered,18,False,133.11,39.3
SH-00281,O-00281,BG-SENSO-068,W-LON,D-SCO,C-002,2026-06-01T12:00,2026-06-01T12:17,2026-06-01T20:00,2026-06-01T20:29,In Transit,29,False,1652.07,302.4
SH-00282,O-00282,BG-BOILE-022,W-MAN,D-STH,C-004,2026-06-05T10:00,2026-06-05T10:27,2026-06-05T21:00,2026-06-05T23:50,In Transit,170,True,235.16,93.8
SH-00283,O-00283,BG-EV-089,W-LON,DD89 5HF,C-002,2026-06-03T13:00,2026-06-03T13:23,2026-06-04T10:00,2026-06-04T11:07,In Transit,67,False,742.13,144.5
SH-00284,O-00284,BG-SENSO-052,W-MAN,D-NTH,C-005,2026-06-11T13:00,2026-06-11T13:19,2026-06-12T21:00,2026-06-12T23:26,Delayed,146,True,90.47,54.9
SH-00285,O-00285,BG-PUMP-071,W-MAN,SW65 8EE,C-004,2026-06-18T12:00,2026-06-18T12:42,2026-06-19T09:00,2026-06-19T09:12,Delivered,12,False,513.13,176.6
SH-00286,O-00286,BG-METER-017,W-COV,OX39 4KB,C-001,2026-06-06T13:00,2026-06-06T13:54,2026-06-07T05:00,2026-06-07T06:02,In Transit,62,False,1254.15,382.0
SH-00287,O-00287,BG-METER-030,W-MAN,D-WAL,C-006,2026-06-17T17:00,2026-06-17T17:30,2026-06-18T11:00,2026-06-18T11:25,In Transit,25,False,554.94,80.1
SH-00288,O-00288,BG-SENSO-019,W-GLA,D-MID,C-002,2026-06-05T10:00,2026-06-05T10:32,2026-06-05T15:00,2026-06-05T19:13,Exception,253,True,975.14,208.3
SH-00289,O-00289,BG-SENSO-061,W-COV,D-SCO,C-006,2026-06-13T09:00,2026-06-13T09:23,2026-06-14T09:00,2026-06-14T09:10,In Transit,10,False,107.67,28.4
SH-00290,O-00290,BG-PUMP-074,W-LON,D-SCO,C-002,2026-06-20T14:00,2026-06-20T14:36,2026-06-21T23:00,2026-06-22T00:08,In Transit,68,False,1411.4,224.8
SH-00291,O-00291,BG-VALVE-062,W-LON,D-WAL,C-001,2026-06-01T10:00,2026-06-01T10:19,2026-06-03T00:00,2026-06-03T00:00,In Transit,0,False,1123.34,206.4
SH-00292,O-00292,BG-BOILE-021,W-GLA,D-STH,C-004,2026-06-07T14:00,2026-06-07T14:05,2026-06-08T14:00,2026-06-08T15:01,Dispatched,61,False,570.11,171.5
SH-00293,O-00293,BG-PUMP-069,W-MAN,D-NTH,C-006,2026-06-19T12:00,2026-06-19T12:36,2026-06-20T20:00,2026-06-21T00:53,Exception,293,True,1334.91,354.0
SH-00294,O-00294,BG-PUMP-071,W-GLA,E27 5CD,C-003,2026-06-09T13:00,2026-06-09T13:14,2026-06-09T22:00,2026-06-09T22:46,In Transit,46,False,344.08,83.9
SH-00295,O-00295,BG-PIPEW-058,W-GLA,D-LON,C-003,2026-06-07T11:00,2026-06-07T11:00,2026-06-07T23:00,2026-06-08T03:09,Delayed,249,True,65.28,14.0
SH-00296,O-00296,BG-BOILE-059,W-GLA,D-SCO,C-001,2026-06-03T15:00,2026-06-03T15:10,2026-06-04T03:00,2026-06-04T05:38,Delivered,158,True,499.17,127.0
SH-00297,O-00297,BG-BOILE-025,W-COV,PO90 6JG,C-004,2026-06-06T09:00,2026-06-06T09:33,2026-06-07T18:00,2026-06-07T18:43,Created,43,False,528.71,196.1
SH-00298,O-00298,BG-BOILE-025,W-COV,D-WAL,C-006,2026-06-18T11:00,2026-06-18T11:18,2026-06-19T09:00,2026-06-19T09:44,Packed,44,False,1193.4,242.0
SH-00299,O-00299,BG-BOILE-011,W-MAN,D-NTH,C-004,2026-06-18T09:00,2026-06-18T09:23,2026-06-20T01:00,2026-06-20T02:15,Created,75,False,172.19,69.0
SH-00300,O-00300,BG-SENSO-038,W-LON,D-LON,C-005,2026-06-12T16:00,2026-06-12T16:27,2026-06-14T06:00,2026-06-14T07:26,Picked,86,False,526.06,247.9
SH-00301,O-00301,BG-EV-063,W-GLA,D-WAL,C-005,2026-06-03T15:00,2026-06-03T15:26,2026-06-05T08:00,2026-06-05T09:06,Delivered,66,False,562.1,278.1
SH-00302,O-00302,BG-EV-008,W-MAN,D-SCO,C-004,2026-06-18T14:00,2026-06-18T14:29,2026-06-19T21:00,2026-06-19T21:00,Picked,0,False,174.53,56.3
SH-00303,O-00303,BG-PUMP-090,W-MAN,BN82 9JB,C-001,2026-06-16T15:00,2026-06-16T15:40,2026-06-17T18:00,2026-06-17T18:00,In Transit,0,False,781.73,158.0
SH-00304,O-00304,BG-PUMP-018,W-GLA,D-SCO,C-005,2026-06-15T12:00,2026-06-15T12:48,2026-06-16T18:00,2026-06-16T20:41,Delayed,161,True,235.99,107.2
SH-00305,O-00305,BG-VALVE-016,W-COV,D-NTH,C-001,2026-06-13T10:00,2026-06-13T10:35,2026-06-15T04:00,2026-06-15T04:43,In Transit,43,False,98.8,17.8
SH-00306,O-00306,BG-PIPEW-013,W-COV,D-WAL,C-005,2026-06-19T11:00,2026-06-19T11:34,2026-06-20T09:00,2026-06-20T09:24,Delivered,24,False,295.92,132.8
SH-00307,O-00307,BG-VALVE-002,W-LON,D-WAL,C-003,2026-06-07T18:00,2026-06-07T18:16,2026-06-09T05:00,2026-06-09T05:00,Delivered,0,False,1471.03,279.3
SH-00308,O-00308,BG-PUMP-069,W-MAN,D-MID,C-006,2026-06-08T17:00,2026-06-08T17:20,2026-06-09T17:00,2026-06-09T17:00,Dispatched,0,False,1435.23,290.8
SH-00309,O-00309,BG-EV-027,W-COV,D-SCO,C-001,2026-06-08T15:00,2026-06-08T15:33,2026-06-09T08:00,2026-06-09T08:14,Packed,14,False,358.58,98.5
SH-00310,O-00310,BG-SENSO-012,W-COV,D-WAL,C-006,2026-06-15T14:00,2026-06-15T14:37,2026-06-16T19:00,2026-06-16T19:27,Delivered,27,False,946.18,176.3
SH-00311,O-00311,BG-METER-015,W-COV,D-STH,C-005,2026-06-06T10:00,2026-06-06T10:34,2026-06-08T04:00,2026-06-08T05:49,In Transit,109,True,505.61,231.6
SH-00312,O-00312,BG-SENSO-019,W-GLA,W69 1HA,C-005,2026-06-14T17:00,2026-06-14T17:52,2026-06-15T20:00,2026-06-15T21:07,Packed,67,False,270.05,176.1
SH-00313,O-00313,BG-PUMP-018,W-LON,D-STH,C-003,2026-06-15T11:00,2026-06-15T11:50,2026-06-17T00:00,2026-06-17T00:00,Delivered,0,False,802.7,159.2
SH-00314,O-00314,BG-METER-001,W-LON,D-NTH,C-003,2026-06-10T10:00,2026-06-10T10:24,2026-06-11T06:00,2026-06-11T07:37,In Transit,97,True,323.12,86.6
SH-00315,O-00315,BG-EV-089,W-GLA,SE97 6BD,C-006,2026-06-19T10:00,2026-06-19T10:39,2026-06-20T22:00,2026-06-20T22:59,Delivered,59,False,1260.95,284.6
SH-00316,O-00316,BG-METER-030,W-LON,D-MID,C-006,2026-06-20T08:00,2026-06-20T08:22,2026-06-21T00:00,2026-06-21T02:41,Delayed,161,True,621.22,97.9
SH-00317,O-00317,BG-SENSO-079,W-LON,D-MID,C-003,2026-06-21T10:00,2026-06-21T10:37,2026-06-23T01:00,2026-06-23T02:47,Exception,107,True,295.37,60.2
SH-00318,O-00318,BG-METER-054,W-COV,D-LON,C-006,2026-06-03T17:00,2026-06-03T17:26,2026-06-05T07:00,2026-06-05T08:02,In Transit,62,False,1974.75,230.3
SH-00319,O-00319,BG-METER-017,W-COV,D-NTH,C-002,2026-06-05T09:00,2026-06-05T09:13,2026-06-07T02:00,2026-06-07T02:22,Dispatched,22,False,100.39,24.8
SH-00320,O-00320,BG-PUMP-090,W-MAN,D-WAL,C-003,2026-06-14T12:00,2026-06-14T12:27,2026-06-16T00:00,2026-06-16T00:20,In Transit,20,False,777.47,166.7
SH-00321,O-00321,BG-PIPEW-041,W-LON,D-MID,C-003,2026-06-06T10:00,2026-06-06T10:10,2026-06-07T02:00,2026-06-07T02:26,Created,26,False,1364.65,335.4
SH-00322,O-00322,BG-METER-087,W-COV,D-MID,C-005,2026-06-20T08:00,2026-06-20T08:34,2026-06-21T09:00,2026-06-21T09:20,In Transit,20,False,336.7,106.6
SH-00323,O-00323,BG-PIPEW-058,W-MAN,D-NTH,C-003,2026-06-19T17:00,2026-06-19T17:17,2026-06-20T22:00,2026-06-20T22:00,Delivered,0,False,1045.16,306.5
SH-00324,O-00324,BG-BOILE-042,W-COV,D-NTH,C-003,2026-06-10T18:00,2026-06-10T18:25,2026-06-11T05:00,2026-06-11T05:02,Delivered,2,False,550.7,102.6
SH-00325,O-00325,BG-EV-027,W-MAN,D-STH,C-006,2026-06-16T10:00,2026-06-16T10:31,2026-06-17T16:00,2026-06-17T17:30,Exception,90,False,1654.3,389.4
SH-00326,O-00326,BG-VALVE-065,W-GLA,D-MID,C-005,2026-06-10T10:00,2026-06-10T10:20,2026-06-11T07:00,2026-06-11T08:18,Picked,78,False,405.07,218.0
SH-00327,O-00327,BG-PIPEW-009,W-COV,BN6 3BC,C-005,2026-06-09T17:00,2026-06-09T17:16,2026-06-09T22:00,2026-06-10T01:17,Exception,197,True,577.78,349.7
SH-00328,O-00328,BG-METER-015,W-COV,D-STH,C-002,2026-06-16T09:00,2026-06-16T09:48,2026-06-18T00:00,2026-06-18T02:44,Delayed,164,True,1596.78,318.5
SH-00329,O-00329,BG-PIPEW-076,W-LON,D-WAL,C-006,2026-06-09T15:00,2026-06-09T15:21,2026-06-10T09:00,2026-06-10T09:00,Packed,0,False,169.24,22.9
SH-00330,O-00330,BG-VALVE-050,W-GLA,D-WAL,C-001,2026-06-16T08:00,2026-06-16T08:23,2026-06-16T14:00,2026-06-16T14:29,Packed,29,False,1319.67,290.4
SH-00331,O-00331,BG-PIPEW-041,W-LON,D-WAL,C-004,2026-06-18T13:00,2026-06-18T13:08,2026-06-20T03:00,2026-06-20T03:00,Delivered,0,False,262.05,71.3
SH-00332,O-00332,BG-VALVE-062,W-GLA,D-NTH,C-005,2026-06-16T18:00,2026-06-16T18:13,2026-06-17T04:00,2026-06-17T05:52,Delivered,112,True,601.37,334.9
SH-00333,O-00333,BG-SENSO-068,W-LON,D-STH,C-004,2026-06-16T17:00,2026-06-16T17:51,2026-06-17T13:00,2026-06-17T15:18,Delivered,138,True,736.47,211.1
SH-00334,O-00334,BG-PIPEW-083,W-LON,D-SCO,C-002,2026-06-04T09:00,2026-06-04T09:53,2026-06-05T18:00,2026-06-05T19:05,Delivered,65,False,947.0,122.8
SH-00335,O-00335,BG-EV-027,W-GLA,D-WAL,C-002,2026-06-15T10:00,2026-06-15T10:55,2026-06-16T18:00,2026-06-16T19:39,Delayed,99,True,826.01,143.1
SH-00336,O-00336,BG-BOILE-022,W-GLA,D-SCO,C-004,2026-06-18T18:00,2026-06-18T18:13,2026-06-20T11:00,2026-06-20T12:12,Dispatched,72,False,710.87,199.9
SH-00337,O-00337,BG-PUMP-043,W-LON,D-STH,C-003,2026-06-04T17:00,2026-06-04T17:21,2026-06-04T23:00,2026-06-04T23:57,Dispatched,57,False,706.25,210.8
SH-00338,O-00338,BG-VALVE-062,W-GLA,D-WAL,C-004,2026-06-19T13:00,2026-06-19T13:04,2026-06-19T17:00,2026-06-19T17:01,Dispatched,1,False,850.96,396.6
SH-00339,O-00339,BG-BOILE-025,W-MAN,D-STH,C-002,2026-06-03T13:00,2026-06-03T13:20,2026-06-03T23:00,2026-06-03T23:00,Dispatched,0,False,1514.75,397.1
SH-00340,O-00340,BG-SENSO-068,W-LON,D-NTH,C-005,2026-06-18T10:00,2026-06-18T10:44,2026-06-19T17:00,2026-06-19T19:07,Exception,127,True,216.07,83.3
SH-00341,O-00341,BG-SENSO-012,W-LON,D-WAL,C-003,2026-06-20T08:00,2026-06-20T08:10,2026-06-21T16:00,2026-06-21T19:10,Delayed,190,True,1249.24,297.5
SH-00342,O-00342,BG-BOILE-042,W-COV,D-MID,C-004,2026-06-13T09:00,2026-06-13T09:47,2026-06-14T15:00,2026-06-14T15:00,Delivered,0,False,468.85,159.7
SH-00343,O-00343,BG-EV-027,W-GLA,D-LON,C-003,2026-06-06T17:00,2026-06-06T17:51,2026-06-07T01:00,2026-06-07T03:08,Delivered,128,True,749.74,211.0
SH-00344,O-00344,BG-BOILE-036,W-COV,G77 6DJ,C-006,2026-06-06T11:00,2026-06-06T11:46,2026-06-07T08:00,2026-06-07T08:11,In Transit,11,False,1258.32,232.3
SH-00345,O-00345,BG-SENSO-060,W-COV,D-LON,C-002,2026-06-08T14:00,2026-06-08T14:23,2026-06-09T13:00,2026-06-09T14:02,Exception,62,False,210.99,47.6
SH-00346,O-00346,BG-VALVE-016,W-GLA,D-WAL,C-005,2026-06-06T10:00,2026-06-06T10:54,2026-06-07T20:00,2026-06-07T20:00,In Transit,0,False,873.31,379.5
SH-00347,O-00347,BG-PUMP-024,W-MAN,D-MID,C-001,2026-06-13T10:00,2026-06-13T10:00,2026-06-14T20:00,2026-06-14T20:00,Delivered,0,False,1100.19,246.8
SH-00348,O-00348,BG-EV-023,W-MAN,D-STH,C-001,2026-06-18T15:00,2026-06-18T15:23,2026-06-19T11:00,2026-06-19T11:00,Packed,0,False,243.92,50.9
SH-00349,O-00349,BG-BOILE-067,W-GLA,D-SCO,C-006,2026-06-15T10:00,2026-06-15T10:35,2026-06-16T01:00,2026-06-16T03:31,Delayed,151,True,1467.1,183.4
SH-00350,O-00350,BG-METER-087,W-MAN,D-LON,C-003,2026-06-09T11:00,2026-06-09T11:38,2026-06-10T15:00,2026-06-10T16:06,Dispatched,66,False,647.41,105.2
SH-00351,O-00351,BG-BOILE-036,W-GLA,D-NTH,C-006,2026-06-08T14:00,2026-06-08T14:32,2026-06-10T04:00,2026-06-10T04:48,Delivered,48,False,534.29,90.5
SH-00352,O-00352,BG-SENSO-079,W-GLA,D-WAL,C-005,2026-06-19T17:00,2026-06-19T17:46,2026-06-21T08:00,2026-06-21T08:00,Delivered,0,False,242.71,115.8
SH-00353,O-00353,BG-PIPEW-009,W-LON,D-LON,C-003,2026-06-02T12:00,2026-06-02T12:07,2026-06-02T17:00,2026-06-02T17:19,Packed,19,False,1087.44,288.7
SH-00354,O-00354,BG-PUMP-043,W-GLA,D-MID,C-004,2026-06-21T18:00,2026-06-21T18:54,2026-06-21T22:00,2026-06-21T23:59,Exception,119,True,338.22,160.0
SH-00355,O-00355,BG-METER-054,W-COV,D-LON,C-002,2026-06-11T09:00,2026-06-11T09:30,2026-06-12T15:00,2026-06-12T17:09,Delivered,129,True,264.35,53.6
SH-00356,O-00356,BG-VALVE-002,W-MAN,D-LON,C-006,2026-06-11T12:00,2026-06-11T12:17,2026-06-11T17:00,2026-06-11T17:00,Picked,0,False,1914.41,357.2
SH-00357,O-00357,BG-VALVE-065,W-GLA,EH11 2DC,C-006,2026-06-02T17:00,2026-06-02T17:38,2026-06-03T02:00,2026-06-03T03:43,Delivered,103,True,930.93,150.2
SH-00358,O-00358,BG-METER-017,W-GLA,D-STH,C-004,2026-06-08T13:00,2026-06-08T13:36,2026-06-09T17:00,2026-06-09T19:41,Delivered,161,True,659.25,193.9
SH-00359,O-00359,BG-EV-073,W-MAN,D-NTH,C-004,2026-06-08T09:00,2026-06-08T09:03,2026-06-09T23:00,2026-06-09T23:55,Exception,55,False,62.36,25.9
SH-00360,O-00360,BG-SENSO-070,W-LON,D-NTH,C-004,2026-06-15T08:00,2026-06-15T08:55,2026-06-15T21:00,2026-06-15T21:00,Dispatched,0,False,1171.58,354.5
SH-00361,O-00361,BG-EV-047,W-LON,D-MID,C-002,2026-06-11T15:00,2026-06-11T15:36,2026-06-12T00:00,2026-06-12T00:00,In Transit,0,False,376.31,63.0
SH-00362,O-00362,BG-EV-006,W-LON,D-SCO,C-002,2026-06-11T11:00,2026-06-11T11:52,2026-06-12T16:00,2026-06-12T16:03,Delivered,3,False,2044.45,335.4
SH-00363,O-00363,BG-METER-017,W-COV,D-MID,C-004,2026-06-15T13:00,2026-06-15T13:35,2026-06-16T07:00,2026-06-16T08:36,Delayed,96,True,460.92,209.5
SH-00364,O-00364,BG-BOILE-005,W-LON,D-SCO,C-006,2026-06-10T08:00,2026-06-10T08:31,2026-06-11T05:00,2026-06-11T06:00,Picked,60,False,912.21,188.4
SH-00365,O-00365,BG-BOILE-028,W-COV,D-MID,C-002,2026-06-08T17:00,2026-06-08T17:10,2026-06-10T08:00,2026-06-10T08:25,Picked,25,False,978.05,149.1
SH-00366,O-00366,BG-BOILE-026,W-GLA,D-STH,C-006,2026-06-19T18:00,2026-06-19T18:19,2026-06-21T03:00,2026-06-21T04:21,In Transit,81,False,1422.98,223.9
SH-00367,O-00367,BG-SENSO-052,W-COV,D-WAL,C-003,2026-06-12T15:00,2026-06-12T15:30,2026-06-13T22:00,2026-06-13T22:00,Packed,0,False,1257.98,369.4
SH-00368,O-00368,BG-BOILE-025,W-COV,D-STH,C-001,2026-06-09T10:00,2026-06-09T10:32,2026-06-10T16:00,2026-06-10T18:43,Delivered,163,True,783.29,191.2
SH-00369,O-00369,BG-PUMP-074,W-GLA,D-NTH,C-003,2026-06-11T17:00,2026-06-11T17:42,2026-06-13T00:00,2026-06-13T01:12,Created,72,False,402.22,141.7
SH-00370,O-00370,BG-BOILE-067,W-LON,D-STH,C-004,2026-06-09T09:00,2026-06-09T09:15,2026-06-10T03:00,2026-06-10T04:25,Delayed,85,False,681.09,275.9
SH-00371,O-00371,BG-PIPEW-058,W-LON,D-STH,C-005,2026-06-19T08:00,2026-06-19T08:43,2026-06-21T00:00,2026-06-21T02:21,Packed,141,True,455.16,310.1
SH-00372,O-00372,BG-EV-020,W-MAN,D-WAL,C-001,2026-06-13T09:00,2026-06-13T09:37,2026-06-14T14:00,2026-06-14T14:14,Picked,14,False,861.87,209.6
SH-00373,O-00373,BG-PIPEW-041,W-MAN,D-SCO,C-001,2026-06-16T13:00,2026-06-16T13:50,2026-06-17T07:00,2026-06-17T07:00,Delivered,0,False,91.48,12.7
SH-00374,O-00374,BG-EV-010,W-COV,D-SCO,C-006,2026-06-19T18:00,2026-06-19T18:55,2026-06-21T02:00,2026-06-21T02:46,In Transit,46,False,168.6,29.1
SH-00375,O-00375,BG-BOILE-066,W-MAN,EH23 5BG,C-004,2026-06-02T10:00,2026-06-02T10:42,2026-06-03T09:00,2026-06-03T12:51,Delayed,231,True,94.99,40.6
SH-00376,O-00376,BG-METER-039,W-LON,NP37 1CK,C-003,2026-06-13T08:00,2026-06-13T08:16,2026-06-14T23:00,2026-06-14T23:18,Delivered,18,False,657.91,190.2
SH-00377,O-00377,BG-METER-055,W-GLA,D-LON,C-005,2026-06-14T15:00,2026-06-14T15:55,2026-06-15T23:00,2026-06-15T23:00,Picked,0,False,126.02,45.2
SH-00378,O-00378,BG-PIPEW-009,W-MAN,D-LON,C-006,2026-06-09T12:00,2026-06-09T12:16,2026-06-11T03:00,2026-06-11T04:38,Delivered,98,True,161.08,25.3
SH-00379,O-00379,BG-BOILE-032,W-LON,CV81 2AH,C-001,2026-06-07T17:00,2026-06-07T17:14,2026-06-09T00:00,2026-06-09T00:48,Created,48,False,1434.85,301.9
SH-00380,O-00380,BG-PIPEW-041,W-MAN,D-MID,C-001,2026-06-11T17:00,2026-06-11T17:06,2026-06-12T22:00,2026-06-12T23:29,Delayed,89,False,1127.63,294.9
SH-00381,O-00381,BG-PUMP-043,W-COV,D-MID,C-002,2026-06-10T10:00,2026-06-10T10:39,2026-06-11T18:00,2026-06-11T18:00,Delivered,0,False,908.53,148.4
SH-00382,O-00382,BG-PUMP-090,W-GLA,D-STH,C-003,2026-06-10T15:00,2026-06-10T15:17,2026-06-11T20:00,2026-06-11T20:27,Delivered,27,False,76.63,20.0
SH-00383,O-00383,BG-PUMP-069,W-GLA,D-SCO,C-002,2026-06-19T15:00,2026-06-19T15:34,2026-06-19T23:00,2026-06-20T02:59,Delayed,239,True,851.42,218.7
SH-00384,O-00384,BG-SENSO-052,W-GLA,D-WAL,C-002,2026-06-20T09:00,2026-06-20T09:47,2026-06-22T02:00,2026-06-22T02:06,In Transit,6,False,526.54,113.3
SH-00385,O-00385,BG-VALVE-085,W-COV,D-LON,C-002,2026-06-18T09:00,2026-06-18T09:44,2026-06-19T05:00,2026-06-19T05:07,In Transit,7,False,615.82,94.5
SH-00386,O-00386,BG-VALVE-062,W-GLA,D-MID,C-005,2026-06-16T17:00,2026-06-16T17:34,2026-06-17T21:00,2026-06-17T23:08,Picked,128,True,125.9,85.1
SH-00387,O-00387,BG-BOILE-011,W-MAN,D-NTH,C-001,2026-06-10T17:00,2026-06-10T17:50,2026-06-12T09:00,2026-06-12T10:47,In Transit,107,True,1088.3,239.7
SH-00388,O-00388,BG-SENSO-079,W-MAN,D-STH,C-003,2026-06-17T13:00,2026-06-17T13:38,2026-06-18T11:00,2026-06-18T11:13,In Transit,13,False,1226.12,313.7
SH-00389,O-00389,BG-BOILE-034,W-GLA,D-LON,C-001,2026-06-15T09:00,2026-06-15T09:26,2026-06-16T23:00,2026-06-17T02:01,Delayed,181,True,1296.51,247.6
SH-00390,O-00390,BG-BOILE-004,W-COV,D-WAL,C-003,2026-06-11T15:00,2026-06-11T15:10,2026-06-13T04:00,2026-06-13T04:24,Delivered,24,False,416.71,122.3
SH-00391,O-00391,BG-BOILE-004,W-MAN,D-WAL,C-006,2026-06-15T16:00,2026-06-15T16:14,2026-06-17T00:00,2026-06-17T00:04,Picked,4,False,1385.86,234.9
SH-00392,O-00392,BG-BOILE-057,W-LON,D-LON,C-001,2026-06-13T13:00,2026-06-13T13:26,2026-06-13T22:00,2026-06-13T22:14,Picked,14,False,935.67,120.5
SH-00393,O-00393,BG-BOILE-042,W-LON,D-SCO,C-005,2026-06-11T15:00,2026-06-11T15:24,2026-06-12T06:00,2026-06-12T06:00,Delivered,0,False,104.7,28.3
SH-00394,O-00394,BG-BOILE-005,W-GLA,D-LON,C-002,2026-06-08T17:00,2026-06-08T17:02,2026-06-09T16:00,2026-06-09T18:43,Picked,163,True,1603.51,344.3
SH-00395,O-00395,BG-BOILE-028,W-LON,D-LON,C-002,2026-06-03T14:00,2026-06-03T14:34,2026-06-03T22:00,2026-06-03T22:00,Delivered,0,False,1299.76,327.1
SH-00396,O-00396,BG-EV-008,W-LON,D-NTH,C-002,2026-06-08T09:00,2026-06-08T09:25,2026-06-09T19:00,2026-06-09T19:00,Delivered,0,False,991.31,148.4
SH-00397,O-00397,BG-EV-010,W-MAN,D-SCO,C-002,2026-06-09T14:00,2026-06-09T14:24,2026-06-10T18:00,2026-06-10T18:00,In Transit,0,False,245.54,50.9
SH-00398,O-00398,BG-SENSO-068,W-GLA,D-STH,C-004,2026-06-10T17:00,2026-06-10T17:10,2026-06-11T14:00,2026-06-11T15:34,In Transit,94,True,853.1,184.9
SH-00399,O-00399,BG-EV-073,W-MAN,BN38 8JC,C-004,2026-06-12T09:00,2026-06-12T09:01,2026-06-13T02:00,2026-06-13T05:39,Delayed,219,True,943.77,276.8
SH-00400,O-00400,BG-VALVE-033,W-MAN,D-STH,C-005,2026-06-07T11:00,2026-06-07T11:28,2026-06-09T03:00,2026-06-09T03:00,In Transit,0,False,63.74,23.3
SH-00401,O-00401,BG-EV-008,W-GLA,D-STH,C-003,2026-06-09T11:00,2026-06-09T11:21,2026-06-09T19:00,2026-06-09T20:19,Delivered,79,False,830.77,137.6
SH-00402,O-00402,BG-VALVE-050,W-LON,D-MID,C-004,2026-06-14T09:00,2026-06-14T09:36,2026-06-15T19:00,2026-06-15T19:49,Picked,49,False,924.58,255.5
SH-00403,O-00403,BG-SENSO-072,W-COV,D-MID,C-001,2026-06-11T16:00,2026-06-11T16:31,2026-06-13T10:00,2026-06-13T11:17,In Transit,77,False,1388.97,185.3
SH-00404,O-00404,BG-METER-015,W-LON,D-LON,C-001,2026-06-10T10:00,2026-06-10T10:44,2026-06-11T20:00,2026-06-11T20:00,Dispatched,0,False,1255.57,177.4
SH-00405,O-00405,BG-BOILE-021,W-COV,D-STH,C-003,2026-06-13T18:00,2026-06-13T18:12,2026-06-14T09:00,2026-06-14T09:19,In Transit,19,False,1335.19,218.4
SH-00406,O-00406,BG-VALVE-065,W-LON,D-MID,C-006,2026-06-12T15:00,2026-06-12T15:38,2026-06-13T06:00,2026-06-13T06:00,Delivered,0,False,144.24,40.1
SH-00407,O-00407,BG-BOILE-026,W-MAN,D-WAL,C-006,2026-06-21T11:00,2026-06-21T11:41,2026-06-22T04:00,2026-06-22T05:16,In Transit,76,False,936.74,116.2
SH-00408,O-00408,BG-PUMP-090,W-COV,D-LON,C-003,2026-06-01T13:00,2026-06-01T13:14,2026-06-01T21:00,2026-06-01T21:24,Delivered,24,False,849.26,205.4
SH-00409,O-00409,BG-BOILE-021,W-LON,D-WAL,C-002,2026-06-14T14:00,2026-06-14T14:36,2026-06-15T06:00,2026-06-15T06:00,In Transit,0,False,718.43,184.5
SH-00410,O-00410,BG-PUMP-043,W-GLA,D-STH,C-004,2026-06-19T09:00,2026-06-19T09:37,2026-06-20T11:00,2026-06-20T13:23,Exception,143,True,309.1,64.3
SH-00411,O-00411,BG-BOILE-036,W-MAN,D-MID,C-002,2026-06-13T18:00,2026-06-13T18:14,2026-06-14T10:00,2026-06-14T11:26,Exception,86,False,545.62,139.6
SH-00412,O-00412,BG-EV-035,W-LON,D-SCO,C-005,2026-06-10T16:00,2026-06-10T16:14,2026-06-11T18:00,2026-06-11T18:00,Delivered,0,False,628.31,332.3
SH-00413,O-00413,BG-SENSO-052,W-COV,SW58 4HC,C-004,2026-06-01T08:00,2026-06-01T08:48,2026-06-03T02:00,2026-06-03T02:00,Delivered,0,False,777.37,316.7
SH-00414,O-00414,BG-PUMP-088,W-COV,D-LON,C-006,2026-06-08T15:00,2026-06-08T15:21,2026-06-09T07:00,2026-06-09T11:38,Delayed,278,True,1295.6,225.1
SH-00415,O-00415,BG-PUMP-045,W-COV,D-NTH,C-003,2026-06-08T15:00,2026-06-08T15:30,2026-06-09T06:00,2026-06-09T06:00,In Transit,0,False,632.86,127.3
SH-00416,O-00416,BG-METER-054,W-COV,D-STH,C-004,2026-06-04T10:00,2026-06-04T10:17,2026-06-05T04:00,2026-06-05T05:40,Exception,100,True,916.03,200.5
SH-00417,O-00417,BG-METER-039,W-LON,D-SCO,C-002,2026-06-20T13:00,2026-06-20T13:43,2026-06-21T03:00,2026-06-21T03:43,Delivered,43,False,1541.94,207.2
SH-00418,O-00418,BG-BOILE-036,W-MAN,D-MID,C-003,2026-06-01T10:00,2026-06-01T10:49,2026-06-02T14:00,2026-06-02T16:04,Created,124,True,1041.2,253.4
SH-00419,O-00419,BG-PUMP-069,W-LON,SY16 7DG,C-006,2026-06-12T11:00,2026-06-12T11:43,2026-06-12T19:00,2026-06-12T20:11,Delivered,71,False,1489.28,149.0
SH-00420,O-00420,BG-EV-047,W-GLA,D-WAL,C-001,2026-06-20T13:00,2026-06-20T13:13,2026-06-21T22:00,2026-06-21T23:51,Picked,111,True,672.42,135.0
SH-00421,O-00421,BG-PUMP-018,W-MAN,D-SCO,C-002,2026-06-13T09:00,2026-06-13T09:11,2026-06-14T20:00,2026-06-14T20:00,Delivered,0,False,1562.25,372.9
SH-00422,O-00422,BG-METER-015,W-COV,D-LON,C-006,2026-06-16T08:00,2026-06-16T08:38,2026-06-17T02:00,2026-06-17T03:59,In Transit,119,True,1215.45,161.7
SH-00423,O-00423,BG-SENSO-080,W-MAN,D-WAL,C-005,2026-06-01T14:00,2026-06-01T14:54,2026-06-02T14:00,2026-06-02T15:01,Delivered,61,False,684.85,307.6
SH-00424,O-00424,BG-BOILE-032,W-MAN,D-WAL,C-004,2026-06-20T13:00,2026-06-20T13:23,2026-06-22T02:00,2026-06-22T02:45,Delivered,45,False,58.34,18.1
SH-00425,O-00425,BG-PUMP-046,W-COV,SW77 7JF,C-003,2026-06-07T16:00,2026-06-07T16:13,2026-06-07T23:00,2026-06-07T23:27,Dispatched,27,False,308.62,89.1
SH-00426,O-00426,BG-VALVE-062,W-MAN,D-WAL,C-006,2026-06-10T08:00,2026-06-10T08:11,2026-06-11T07:00,2026-06-11T08:08,Delivered,68,False,265.64,69.5
SH-00427,O-00427,BG-BOILE-036,W-LON,B41 5CE,C-001,2026-06-04T12:00,2026-06-04T12:45,2026-06-04T20:00,2026-06-04T20:00,In Transit,0,False,1741.41,268.7
SH-00428,O-00428,BG-METER-001,W-GLA,D-MID,C-004,2026-06-06T16:00,2026-06-06T16:17,2026-06-07T22:00,2026-06-07T22:29,Delivered,29,False,382.84,138.0
SH-00429,O-00429,BG-PUMP-043,W-GLA,D-MID,C-001,2026-06-15T09:00,2026-06-15T09:48,2026-06-17T02:00,2026-06-17T02:49,Created,49,False,741.58,179.4
SH-00430,O-00430,BG-METER-044,W-COV,D-STH,C-004,2026-06-12T14:00,2026-06-12T14:20,2026-06-12T18:00,2026-06-12T18:00,In Transit,0,False,524.17,114.5
SH-00431,O-00431,BG-BOILE-042,W-MAN,YO83 5KD,C-006,2026-06-14T10:00,2026-06-14T10:50,2026-06-14T18:00,2026-06-14T18:31,Dispatched,31,False,579.5,117.1
SH-00432,O-00432,BG-BOILE-066,W-GLA,D-STH,C-005,2026-06-08T11:00,2026-06-08T11:04,2026-06-09T00:00,2026-06-09T00:00,Picked,0,False,477.63,299.6
SH-00433,O-00433,BG-SENSO-061,W-LON,D-NTH,C-003,2026-06-09T10:00,2026-06-09T10:22,2026-06-09T19:00,2026-06-09T21:17,In Transit,137,True,1478.8,420.3
SH-00434,O-00434,BG-BOILE-040,W-LON,D-STH,C-005,2026-06-14T09:00,2026-06-14T09:44,2026-06-16T03:00,2026-06-16T03:43,Created,43,False,46.96,27.0
SH-00435,O-00435,BG-METER-055,W-COV,D-SCO,C-003,2026-06-11T12:00,2026-06-11T12:11,2026-06-12T01:00,2026-06-12T04:44,Delayed,224,True,413.32,98.5
SH-00436,O-00436,BG-SENSO-053,W-GLA,D-NTH,C-004,2026-06-16T15:00,2026-06-16T15:13,2026-06-17T00:00,2026-06-17T00:00,Dispatched,0,False,1030.63,294.4
SH-00437,O-00437,BG-PUMP-074,W-MAN,D-WAL,C-001,2026-06-02T11:00,2026-06-02T11:24,2026-06-03T03:00,2026-06-03T03:47,Dispatched,47,False,1327.71,284.3
SH-00438,O-00438,BG-SENSO-086,W-GLA,D-MID,C-006,2026-06-02T17:00,2026-06-02T17:26,2026-06-03T20:00,2026-06-04T00:17,Exception,257,True,387.78,78.8
SH-00439,O-00439,BG-VALVE-049,W-COV,D-SCO,C-002,2026-06-17T11:00,2026-06-17T11:45,2026-06-17T20:00,2026-06-17T20:00,Delivered,0,False,1992.29,256.2
SH-00440,O-00440,BG-SENSO-052,W-LON,NE39 8EH,C-001,2026-06-02T12:00,2026-06-02T12:50,2026-06-03T03:00,2026-06-03T04:29,Delayed,89,False,1086.47,221.0
SH-00441,O-00441,BG-VALVE-049,W-MAN,YO3 4FB,C-001,2026-06-16T17:00,2026-06-16T17:05,2026-06-18T09:00,2026-06-18T09:12,Delivered,12,False,712.59,160.9
SH-00442,O-00442,BG-SENSO-053,W-MAN,D-WAL,C-003,2026-06-05T17:00,2026-06-05T17:23,2026-06-07T07:00,2026-06-07T08:58,Delivered,118,True,1130.98,188.9
SH-00443,O-00443,BG-EV-082,W-COV,D-NTH,C-003,2026-06-13T18:00,2026-06-13T18:20,2026-06-14T05:00,2026-06-14T07:03,In Transit,123,True,499.43,79.3
SH-00444,O-00444,BG-PIPEW-007,W-GLA,D-LON,C-005,2026-06-09T14:00,2026-06-09T14:05,2026-06-11T02:00,2026-06-11T02:57,Delayed,57,False,709.44,186.2
SH-00445,O-00445,BG-PUMP-088,W-MAN,D-NTH,C-002,2026-06-12T08:00,2026-06-12T08:22,2026-06-13T08:00,2026-06-13T08:39,Delivered,39,False,1346.15,307.6
SH-00446,O-00446,BG-BOILE-057,W-GLA,D-MID,C-004,2026-06-12T14:00,2026-06-12T14:37,2026-06-12T20:00,2026-06-12T20:48,Delivered,48,False,849.13,381.9
SH-00447,O-00447,BG-VALVE-033,W-GLA,LE28 6CD,C-001,2026-06-11T12:00,2026-06-11T12:06,2026-06-12T17:00,2026-06-12T17:00,In Transit,0,False,272.04,39.9
SH-00448,O-00448,BG-PIPEW-013,W-COV,D-LON,C-003,2026-06-19T15:00,2026-06-19T15:51,2026-06-20T10:00,2026-06-20T10:00,Delivered,0,False,976.78,189.8
SH-00449,O-00449,BG-METER-031,W-GLA,B28 4FB,C-003,2026-06-17T17:00,2026-06-17T17:08,2026-06-19T07:00,2026-06-19T07:00,In Transit,0,False,1489.81,253.5
SH-00450,O-00450,BG-METER-044,W-LON,D-STH,C-002,2026-06-08T15:00,2026-06-08T15:16,2026-06-08T23:00,2026-06-09T00:02,Delivered,62,False,71.65,11.4
SH-00451,O-00451,BG-METER-039,W-GLA,D-NTH,C-001,2026-06-09T15:00,2026-06-09T15:10,2026-06-09T20:00,2026-06-09T21:07,Delivered,67,False,936.22,221.3
SH-00452,O-00452,BG-PIPEW-014,W-GLA,D-SCO,C-005,2026-06-19T11:00,2026-06-19T11:52,2026-06-20T01:00,2026-06-20T01:12,Created,12,False,77.03,30.5
SH-00453,O-00453,BG-METER-015,W-GLA,D-STH,C-004,2026-06-18T16:00,2026-06-18T16:09,2026-06-20T10:00,2026-06-20T10:00,In Transit,0,False,975.79,442.6
SH-00454,O-00454,BG-PUMP-064,W-COV,D-STH,C-004,2026-06-16T08:00,2026-06-16T08:22,2026-06-17T14:00,2026-06-17T14:54,Packed,54,False,500.59,150.1
SH-00455,O-00455,BG-METER-054,W-GLA,YO6 5HD,C-006,2026-06-11T15:00,2026-06-11T15:07,2026-06-11T19:00,2026-06-11T20:02,Delivered,62,False,919.11,125.8
SH-00456,O-00456,BG-VALVE-002,W-COV,D-MID,C-005,2026-06-09T18:00,2026-06-09T18:54,2026-06-10T20:00,2026-06-10T20:01,In Transit,1,False,582.65,244.1
SH-00457,O-00457,BG-SENSO-053,W-MAN,D-SCO,C-005,2026-06-10T11:00,2026-06-10T11:15,2026-06-10T18:00,2026-06-10T18:46,Delivered,46,False,576.19,151.3
SH-00458,O-00458,BG-SENSO-072,W-COV,D-MID,C-003,2026-06-18T15:00,2026-06-18T15:21,2026-06-19T10:00,2026-06-19T10:58,Delivered,58,False,1195.58,315.6
SH-00459,O-00459,BG-VALVE-062,W-LON,D-SCO,C-002,2026-06-16T11:00,2026-06-16T11:10,2026-06-17T10:00,2026-06-17T11:07,Dispatched,67,False,1451.05,234.4
SH-00460,O-00460,BG-SENSO-052,W-LON,D-STH,C-006,2026-06-09T12:00,2026-06-09T12:03,2026-06-10T06:00,2026-06-10T06:00,Packed,0,False,1112.26,181.5
SH-00461,O-00461,BG-EV-010,W-MAN,D-STH,C-005,2026-06-02T09:00,2026-06-02T09:22,2026-06-02T21:00,2026-06-02T21:46,Delivered,46,False,371.62,230.6
SH-00462,O-00462,BG-BOILE-025,W-LON,D-NTH,C-006,2026-06-07T18:00,2026-06-07T18:55,2026-06-08T17:00,2026-06-08T17:02,Delivered,2,False,1704.02,286.3
SH-00463,O-00463,BG-VALVE-077,W-COV,D-LON,C-001,2026-06-21T08:00,2026-06-21T08:15,2026-06-21T18:00,2026-06-21T19:38,Picked,98,True,1691.24,242.7
SH-00464,O-00464,BG-PUMP-074,W-GLA,D-MID,C-001,2026-06-14T12:00,2026-06-14T12:26,2026-06-14T20:00,2026-06-14T20:00,Delivered,0,False,971.96,218.4
SH-00465,O-00465,BG-METER-087,W-COV,D-MID,C-002,2026-06-06T11:00,2026-06-06T11:18,2026-06-07T21:00,2026-06-07T21:05,Packed,5,False,1280.52,143.5
SH-00466,O-00466,BG-EV-063,W-GLA,EH94 5KE,C-005,2026-06-19T09:00,2026-06-19T09:52,2026-06-20T11:00,2026-06-20T11:39,Delivered,39,False,381.03,202.3
SH-00467,O-00467,BG-EV-006,W-LON,D-LON,C-003,2026-06-02T13:00,2026-06-02T13:22,2026-06-03T19:00,2026-06-03T19:00,In Transit,0,False,550.88,155.5
SH-00468,O-00468,BG-BOILE-021,W-MAN,D-SCO,C-004,2026-06-06T16:00,2026-06-06T16:30,2026-06-07T05:00,2026-06-07T05:00,Created,0,False,534.84,121.6
SH-00469,O-00469,BG-METER-044,W-MAN,D-STH,C-004,2026-06-03T14:00,2026-06-03T14:38,2026-06-04T17:00,2026-06-04T17:08,Dispatched,8,False,224.83,74.2
SH-00470,O-00470,BG-VALVE-065,W-LON,D-WAL,C-006,2026-06-19T17:00,2026-06-19T17:53,2026-06-20T10:00,2026-06-20T11:23,Delivered,83,False,165.81,28.4
SH-00471,O-00471,BG-BOILE-032,W-COV,D-WAL,C-001,2026-06-08T12:00,2026-06-08T12:54,2026-06-08T22:00,2026-06-08T23:20,In Transit,80,False,807.39,230.5
SH-00472,O-00472,BG-BOILE-021,W-MAN,D-NTH,C-003,2026-06-09T16:00,2026-06-09T16:25,2026-06-10T08:00,2026-06-10T08:41,In Transit,41,False,574.61,78.5
SH-00473,O-00473,BG-PUMP-090,W-GLA,D-SCO,C-006,2026-06-06T13:00,2026-06-06T13:19,2026-06-07T12:00,2026-06-07T12:45,Delayed,45,False,1490.8,190.1
SH-00474,O-00474,BG-VALVE-078,W-COV,D-SCO,C-001,2026-06-13T17:00,2026-06-13T17:11,2026-06-14T22:00,2026-06-14T22:00,Dispatched,0,False,1555.06,322.4
SH-00475,O-00475,BG-SENSO-052,W-GLA,D-SCO,C-001,2026-06-02T15:00,2026-06-02T15:31,2026-06-03T09:00,2026-06-03T09:29,Created,29,False,1845.37,360.8
SH-00476,O-00476,BG-PUMP-088,W-MAN,D-STH,C-001,2026-06-08T13:00,2026-06-08T13:00,2026-06-08T20:00,2026-06-08T20:23,Packed,23,False,830.92,164.2
SH-00477,O-00477,BG-PIPEW-013,W-LON,D-SCO,C-004,2026-06-11T15:00,2026-06-11T15:24,2026-06-12T03:00,2026-06-12T03:06,Delivered,6,False,776.83,230.7
SH-00478,O-00478,BG-METER-054,W-COV,D-MID,C-001,2026-06-07T16:00,2026-06-07T16:16,2026-06-09T04:00,2026-06-09T04:10,Dispatched,10,False,686.19,180.5
SH-00479,O-00479,BG-SENSO-053,W-LON,D-MID,C-003,2026-06-21T14:00,2026-06-21T14:40,2026-06-23T07:00,2026-06-23T07:00,Packed,0,False,922.95,293.1
SH-00480,O-00480,BG-BOILE-040,W-LON,D-WAL,C-002,2026-06-02T14:00,2026-06-02T14:38,2026-06-04T03:00,2026-06-04T03:00,Dispatched,0,False,235.4,61.3
SH-00481,O-00481,BG-SENSO-080,W-LON,D-STH,C-005,2026-06-15T11:00,2026-06-15T11:12,2026-06-17T05:00,2026-06-17T05:02,Delivered,2,False,246.22,122.1
SH-00482,O-00482,BG-EV-082,W-COV,D-LON,C-005,2026-06-17T15:00,2026-06-17T15:53,2026-06-18T05:00,2026-06-18T05:00,Packed,0,False,843.71,258.7
SH-00483,O-00483,BG-EV-089,W-LON,D-MID,C-005,2026-06-05T10:00,2026-06-05T10:00,2026-06-06T03:00,2026-06-06T03:00,Delivered,0,False,507.28,276.3
SH-00484,O-00484,BG-PIPEW-009,W-GLA,D-LON,C-001,2026-06-04T14:00,2026-06-04T14:37,2026-06-05T23:00,2026-06-05T23:42,In Transit,42,False,147.3,31.3
SH-00485,O-00485,BG-PUMP-071,W-GLA,D-MID,C-001,2026-06-17T16:00,2026-06-17T16:19,2026-06-18T11:00,2026-06-18T11:49,In Transit,49,False,1430.76,403.7
SH-00486,O-00486,BG-PUMP-043,W-GLA,D-SCO,C-006,2026-06-12T17:00,2026-06-12T17:02,2026-06-13T17:00,2026-06-13T18:24,Delivered,84,False,1024.94,181.4
SH-00487,O-00487,BG-VALVE-049,W-MAN,D-LON,C-001,2026-06-17T11:00,2026-06-17T11:08,2026-06-18T23:00,2026-06-18T23:19,Delivered,19,False,1185.04,269.2
SH-00488,O-00488,BG-BOILE-040,W-MAN,D-NTH,C-003,2026-06-02T15:00,2026-06-02T15:53,2026-06-03T05:00,2026-06-03T06:25,In Transit,85,False,1177.72,290.7
SH-00489,O-00489,BG-PUMP-088,W-COV,D-WAL,C-004,2026-06-13T09:00,2026-06-13T09:20,2026-06-13T14:00,2026-06-13T15:29,Delivered,89,False,843.54,196.9
SH-00490,O-00490,BG-BOILE-005,W-COV,D-SCO,C-005,2026-06-12T13:00,2026-06-12T13:44,2026-06-13T21:00,2026-06-13T21:00,In Transit,0,False,205.61,64.2
SH-00491,O-00491,BG-SENSO-053,W-MAN,SA83 3HG,C-002,2026-06-14T08:00,2026-06-14T08:51,2026-06-15T07:00,2026-06-15T07:00,In Transit,0,False,442.86,101.2
SH-00492,O-00492,BG-EV-027,W-COV,D-STH,C-003,2026-06-20T08:00,2026-06-20T08:38,2026-06-21T18:00,2026-06-21T18:28,In Transit,28,False,1483.71,234.6
SH-00493,O-00493,BG-BOILE-057,W-MAN,D-NTH,C-002,2026-06-02T14:00,2026-06-02T14:47,2026-06-02T19:00,2026-06-02T23:21,Delayed,261,True,273.96,42.7
SH-00494,O-00494,BG-SENSO-019,W-MAN,D-NTH,C-004,2026-06-21T14:00,2026-06-21T14:28,2026-06-21T19:00,2026-06-21T19:58,Dispatched,58,False,376.68,137.1
SH-00495,O-00495,BG-EV-006,W-LON,D-SCO,C-004,2026-06-21T09:00,2026-06-21T09:03,2026-06-22T07:00,2026-06-22T07:25,Delivered,25,False,727.81,255.0
SH-00496,O-00496,BG-EV-023,W-GLA,PO77 7FK,C-005,2026-06-12T17:00,2026-06-12T17:30,2026-06-13T14:00,2026-06-13T14:09,Delivered,9,False,458.41,231.1
SH-00497,O-00497,BG-SENSO-079,W-GLA,D-STH,C-006,2026-06-17T16:00,2026-06-17T16:03,2026-06-18T09:00,2026-06-18T13:02,Delayed,242,True,323.97,44.5
SH-00498,O-00498,BG-VALVE-085,W-GLA,LL70 3KJ,C-004,2026-06-05T13:00,2026-06-05T13:42,2026-06-06T01:00,2026-06-06T04:39,Delayed,219,True,342.48,174.4
SH-00499,O-00499,BG-BOILE-067,W-LON,D-LON,C-006,2026-06-19T16:00,2026-06-19T16:17,2026-06-20T17:00,2026-06-20T17:00,Dispatched,0,False,912.13,212.1
SH-00500,O-00500,BG-EV-008,W-COV,D-STH,C-004,2026-06-14T13:00,2026-06-14T13:01,2026-06-15T13:00,2026-06-15T16:04,Delayed,184,True,1249.78,464.8
